id,gender,articleType,season,usage
52003,,,Fall,
52007,,,Summer,
52017,,,Summer,
52021,,,Summer,
52023,,,Summer,
52026,,,Summer,
52027,,,Summer,
52028,,,Summer,
52029,,,Summer,
52030,,,Summer,
52031,,,Summer,
52032,,,Summer,
52034,,,Summer,
52042,,,Summer,
52043,,,Summer,
52044,,,Summer,
52045,,,Summer,
52049,,,Summer,
52050,,,Summer,
52051,,,Summer,
52052,,,Summer,
52053,,,Summer,
52054,,,Summer,
52055,,,Summer,
52056,,,Summer,
52057,,,Summer,
52058,,,Summer,
52059,,,Summer,
52060,,,Summer,
52061,,,Summer,
52062,,,Summer,
52063,,,Summer,
52064,,,Summer,
52065,,,Summer,
52066,,,Summer,
52067,,,Summer,
52068,,,Summer,
52069,,,Summer,
52070,,,Summer,
52071,,,Summer,
52072,,,Summer,
52073,,,Summer,
52074,,,Summer,
52075,,,Summer,
52076,,,Summer,
52077,,,Summer,
52078,,,Summer,
52079,,,Summer,
52080,,,Summer,
52081,,,Summer,
52082,,,Summer,
52083,,,Summer,
52084,,,Summer,
52085,,,Summer,
52086,,,Summer,
52087,,,Summer,
52088,,,Summer,
52089,,,Summer,
52090,,,Summer,
52091,,,Summer,
52092,,,Summer,
52093,,,Summer,
52094,,,Summer,
52095,,,Summer,
52096,,,Summer,
52097,,,Summer,
52098,,,Summer,
52099,,,Summer,
52100,,,Summer,
52101,,,Summer,
52102,,,Summer,
52103,,,Summer,
52104,,,Summer,
52105,,,Summer,
52106,,,Summer,
52107,,,Summer,
52108,,,Summer,
52109,,,Summer,
52110,,,Summer,
52111,,,Summer,
52112,,,Summer,
52113,,,Summer,
52114,,,Summer,
52115,,,Summer,
52116,,,Summer,
52117,,,Summer,
52118,,,Summer,
52119,,,Summer,
52120,,,Summer,
52121,,,Summer,
52122,,,Summer,
52123,,,Summer,
52124,,,Summer,
52125,,,Summer,
52126,,,Summer,
52127,,,Summer,
52128,,,Spring,
52129,,,Summer,
52130,,,Summer,
52131,,,Summer,
52132,,,Summer,
52133,,,Summer,
52134,,,Summer,
52135,,,Fall,
52136,,,Summer,
52137,,,Summer,
52138,,,Summer,
52139,,,Summer,
52140,,,Summer,
52141,,,Summer,
52142,,,Summer,
52143,,,Summer,
52144,,,Summer,
52145,,,Summer,
52146,,,Summer,
52147,,,Summer,
52148,,,Summer,
52149,,,Summer,
52150,,,Summer,
52151,,,Summer,
52153,,,Summer,
52154,,,Summer,
52155,,,Summer,
52156,,,Summer,
52157,,,Summer,
52158,,,Summer,
52159,,,Summer,
52160,,,Summer,
52161,,,Summer,
52162,,,Summer,
52163,,,Summer,
52164,,,Summer,
52165,,,Summer,
52166,,,Summer,
52168,,,Spring,
52169,,,Summer,
52172,,,Fall,
52173,,,Fall,
52176,,,Summer,
52177,,,Fall,
52178,,,Summer,
52179,,,Summer,
52180,,,Winter,
52181,,,Winter,
52182,,,Summer,
52183,,,Winter,
52185,,,Summer,
52186,,,Summer,
52187,,,Winter,
52190,,,Winter,
52191,,,Fall,
52193,,,Fall,
52195,,,Summer,
52198,,,Winter,
52200,,,Summer,
52202,,,Summer,
52204,,,Summer,
52205,,,Summer,
52209,,,Summer,
52210,,,Summer,
52211,,,Summer,
52214,,,Summer,
52220,,,Winter,
52221,,,Summer,
52222,,,Spring,
52223,,,Summer,
52224,,,Summer,
52225,,,Summer,
52228,,,Summer,
52230,,,Winter,
52235,,,Summer,
52254,,,Summer,
52255,,,Summer,
52256,,,Summer,
52257,,,Summer,
52299,,,Summer,
52303,,,Summer,
52304,,,Summer,
52305,,,Summer,
52306,,,Summer,
52307,,,Summer,
52308,,,Fall,
52309,,,Fall,
52310,,,Summer,
52311,,,Summer,
52312,,,Fall,
52313,,,Summer,
52314,,,Summer,
52315,,,Summer,
52316,,,Summer,
52317,,,Summer,
52318,,,Summer,
52320,,,Summer,
52322,,,Summer,
52323,,,Summer,
52324,,,Summer,
52325,,,Summer,
52326,,,Summer,
52327,,,Summer,
52328,,,Summer,
52329,,,Summer,
52330,,,Summer,
52331,,,Winter,
52332,,,Summer,
52333,,,Summer,
52334,,,Winter,
52335,,,Winter,
52336,,,Winter,
52337,,,Summer,
52338,,,Summer,
52339,,,Winter,
52340,,,Fall,
52341,,,Summer,
52342,,,Summer,
52343,,,Summer,
52344,,,Summer,
52345,,,Summer,
52346,,,Summer,
52347,,,Summer,
52348,,,Summer,
52349,,,Summer,
52350,,,Summer,
52351,,,Summer,
52352,,,Summer,
52353,,,Summer,
52354,,,Summer,
52355,,,Summer,
52356,,,Summer,
52357,,,Summer,
52358,,,Summer,
52359,,,Summer,
52360,,,Summer,
52361,,,Summer,
52362,,,Summer,
52363,,,Summer,
52364,,,Summer,
52366,,,Summer,
52367,,,Summer,
52368,,,Summer,
52369,,,Summer,
52370,,,Summer,
52371,,,Summer,
52372,,,Summer,
52373,,,Summer,
52374,,,Summer,
52375,,,Summer,
52376,,,Summer,
52377,,,Summer,
52378,,,Summer,
52379,,,Summer,
52380,,,Summer,
52381,,,Summer,
52382,,,Summer,
52383,,,Summer,
52384,,,Summer,
52385,,,Summer,
52386,,,Summer,
52387,,,Summer,
52390,,,Summer,
52391,,,Summer,
52392,,,Summer,
52393,,,Summer,
52394,,,Summer,
52395,,,Summer,
52396,,,Summer,
52397,,,Summer,
52398,,,Summer,
52399,,,Summer,
52400,,,Summer,
52401,,,Summer,
52402,,,Summer,
52403,,,Summer,
52404,,,Summer,
52405,,,Summer,
52406,,,Summer,
52407,,,Summer,
52408,,,Summer,
52409,,,Summer,
52410,,,Summer,
52411,,,Summer,
52412,,,Summer,
52413,,,Summer,
52414,,,Summer,
52415,,,Summer,
52416,,,Summer,
52417,,,Summer,
52418,,,Summer,
52419,,,Summer,
52420,,,Summer,
52421,,,Summer,
52422,,,Summer,
52423,,,Summer,
52424,,,Summer,
52425,,,Summer,
52426,,,Summer,
52427,,,Summer,
52428,,,Summer,
52429,,,Fall,
52430,,,Summer,
52431,,,Summer,
52432,,,Summer,
52434,,,Summer,
52435,,,Summer,
52436,,,Summer,
52437,,,Summer,
52438,,,Summer,
52439,,,Summer,
52440,,,Summer,
52441,,,Summer,
52442,,,Summer,
52443,,,Summer,
52444,,,Summer,
52445,,,Summer,
52446,,,Summer,
52447,,,Summer,
52448,,,Summer,
52449,,,Summer,
52450,,,Summer,
52451,,,Summer,
52452,,,Summer,
52453,,,Summer,
52454,,,Summer,
52455,,,Summer,
52456,,,Summer,
52457,,,Summer,
52458,,,Summer,
52459,,,Summer,
52460,,,Summer,
52461,,,Summer,
52462,,,Summer,
52463,,,Summer,
52464,,,Summer,
52465,,,Summer,
52466,,,Summer,
52467,,,Summer,
52468,,,Summer,
52469,,,Summer,
52470,,,Summer,
52472,,,Summer,
52473,,,Summer,
52474,,,Summer,
52475,,,Summer,
52476,,,Summer,
52477,,,Summer,
52478,,,Summer,
52479,,,Summer,
52480,,,Summer,
52481,,,Summer,
52482,,,Summer,
52483,,,Summer,
52484,,,Summer,
52485,,,Summer,
52486,,,Summer,
52487,,,Summer,
52488,,,Summer,
52489,,,Summer,
52490,,,Summer,
52491,,,Summer,
52492,,,Summer,
52493,,,Summer,
52494,,,Summer,
52495,,,Summer,
52496,,,Summer,
52497,,,Summer,
52498,,,Summer,
52499,,,Summer,
52500,,,Summer,
52501,,,Summer,
52502,,,Summer,
52503,,,Summer,
52504,,,Summer,
52505,,,Fall,
52506,,,Summer,
52507,,,Summer,
52508,,,Summer,
52509,,,Summer,
52510,,,Summer,
52511,,,Summer,
52512,,,Summer,
52513,,,Summer,
52514,,,Summer,
52515,,,Summer,
52516,,,Summer,
52517,,,Summer,
52518,,,Summer,
52519,,,Summer,
52520,,,Summer,
52522,,,Summer,
52523,,,Summer,
52524,,,Summer,
52525,,,Summer,
52528,,,Summer,
52529,,,Summer,
52536,,,Summer,
52539,,,Summer,
52547,,,Summer,
52548,,,Fall,
52553,,,Summer,
52554,,,Summer,
52555,,,Summer,
52556,,,Summer,
52557,,,Summer,
52558,,,Winter,
52559,,,Winter,
52560,,,Summer,
52561,,,Winter,
52563,,,Summer,
52564,,,Winter,
52565,,,Summer,
52568,,,Summer,
52569,,,Summer,
52570,,,Summer,
52574,,,Winter,
52575,,,Summer,
52576,,,Spring,
52577,,,Winter,
52579,,,Winter,
52581,,,Spring,
52582,,,Winter,
52585,,,Summer,
52586,,,Winter,
52588,,,Summer,
52589,,,Summer,
52593,,,Spring,
52594,,,Winter,
52599,,,Summer,
52602,,,Winter,
52603,,,Winter,
52604,,,Summer,
52609,,,Winter,
52616,,,Summer,
52618,,,Summer,
52622,,,Winter,
52623,,,Winter,
52626,,,Summer,
52632,,,Winter,
52633,,,Summer,
52634,,,Winter,
52635,,,Summer,
52636,,,Winter,
52637,,,Winter,
52638,,,Summer,
52639,,,Summer,
52641,,,Summer,
52642,,,Winter,
52643,,,Summer,
52647,,,Summer,
52648,,,Summer,
52649,,,Summer,
52650,,,Winter,
52651,,,Winter,
52652,,,Winter,
52653,,,Summer,
52654,,,Winter,
52655,,,Winter,
52656,,,Summer,
52657,,,Summer,
52658,,,Winter,
52659,,,Summer,
52660,,,Summer,
52661,,,Winter,
52665,,,Winter,
52670,,,Winter,
52671,,,Winter,
52673,,,Winter,
52675,,,Winter,
52676,,,Winter,
52677,,,Winter,
52678,,,Winter,
52679,,,Winter,
52680,,,Winter,
52681,,,Winter,
52682,,,Winter,
52683,,,Winter,
52684,,,Winter,
52686,,,Winter,
52687,,,Summer,
52688,,,Winter,
52690,,,Summer,
52691,,,Summer,
52692,,,Summer,
52693,,,Winter,
52694,,,Summer,
52695,,,Winter,
52749,,,Spring,
52751,,,Spring,
52754,,,Winter,
52756,,,Winter,
52758,,,Winter,
52759,,,Summer,
52766,,,Summer,
52767,,,Summer,
52768,,,Summer,
52772,,,Winter,
52773,,,Winter,
52774,,,Summer,
52775,,,Summer,
52776,,,Winter,
52777,,,Winter,
52778,,,Summer,
52779,,,Summer,
52780,,,Summer,
52781,,,Summer,
52782,,,Winter,
52784,,,Summer,
52785,,,Summer,
52786,,,Winter,
52789,,,Summer,
52791,,,Summer,
52792,,,Summer,
52793,,,Summer,
52794,,,Summer,
52795,,,Summer,
52796,,,Summer,
52797,,,Summer,
52798,,,Summer,
52799,,,Summer,
52800,,,Summer,
52801,,,Summer,
52802,,,Summer,
52803,,,Summer,
52804,,,Summer,
52805,,,Summer,
52806,,,Summer,
52807,,,Summer,
52808,,,Summer,
52809,,,Summer,
52810,,,Summer,
52811,,,Summer,
52812,,,Summer,
52813,,,Summer,
52814,,,Summer,
52816,,,Winter,
52817,,,Winter,
52818,,,Summer,
52819,,,Winter,
52820,,,Winter,
52822,,,Summer,
52823,,,Summer,
52825,,,Winter,
52827,,,Summer,
52828,,,Winter,
52831,,,Winter,
52834,,,Winter,
52835,,,Summer,
52836,,,Summer,
52837,,,Summer,
52839,,,Summer,
52840,,,Winter,
52841,,,Winter,
52842,,,Summer,
52846,,,Summer,
52847,,,Winter,
52848,,,Winter,
52850,,,Winter,
52851,,,Winter,
52852,,,Winter,
52854,,,Winter,
52855,,,Fall,
52859,,,Winter,
52860,,,Winter,
52862,,,Summer,
52863,,,Winter,
52864,,,Winter,
52868,,,Summer,
52869,,,Summer,
52871,,,Spring,
52874,,,Summer,
52875,,,Summer,
52876,,,Summer,
52877,,,Summer,
52878,,,Summer,
52879,,,Summer,
52880,,,Fall,
52881,,,Summer,
52882,,,Summer,
52883,,,Summer,
52884,,,Summer,
52885,,,Summer,
52886,,,Summer,
52887,,,Summer,
52888,,,Summer,
52889,,,Fall,
52890,,,Summer,
52891,,,Summer,
52892,,,Summer,
52893,,,Summer,
52894,,,Summer,
52895,,,Summer,
52896,,,Summer,
52897,,,Summer,
52898,,,Summer,
52899,,,Summer,
52901,,,Summer,
52902,,,Summer,
52903,,,Summer,
52904,,,Summer,
52905,,,Summer,
52906,,,Summer,
52907,,,Summer,
52908,,,Fall,
52909,,,Fall,
52910,,,Summer,
52911,,,Summer,
52912,,,Fall,
52913,,,Summer,
52914,,,Summer,
52915,,,Summer,
52916,,,Summer,
52917,,,Fall,
52918,,,Summer,
52919,,,Summer,
52920,,,Summer,
52921,,,Summer,
52922,,,Summer,
52923,,,Summer,
52924,,,Summer,
52925,,,Summer,
52926,,,Fall,
52927,,,Fall,
52928,,,Summer,
52929,,,Fall,
52930,,,Summer,
52931,,,Fall,
52934,,,Summer,
52935,,,Fall,
52936,,,Fall,
52937,,,Fall,
52938,,,Summer,
52940,,,Summer,
52941,,,Summer,
52942,,,Summer,
52943,,,Summer,
52944,,,Summer,
52945,,,Fall,
52946,,,Summer,
52947,,,Summer,
52948,,,Summer,
52949,,,Summer,
52950,,,Summer,
52951,,,Summer,
52952,,,Summer,
52953,,,Summer,
52954,,,Summer,
52955,,,Summer,
52956,,,Summer,
52957,,,Fall,
52958,,,Summer,
52959,,,Summer,
52960,,,Summer,
52961,,,Summer,
52962,,,Summer,
52963,,,Summer,
52964,,,Summer,
52965,,,Summer,
52966,,,Summer,
52967,,,Summer,
52968,,,Summer,
52969,,,Summer,
52970,,,Summer,
52971,,,Summer,
52972,,,Summer,
52973,,,Fall,
52975,,,Summer,
52976,,,Summer,
52978,,,Summer,
52979,,,Summer,
52980,,,Summer,
52981,,,Summer,
52982,,,Fall,
52983,,,Summer,
52986,,,Summer,
52987,,,Summer,
52988,,,Summer,
52989,,,Summer,
52990,,,Summer,
52991,,,Summer,
52992,,,Fall,
52993,,,Summer,
52996,,,Summer,
52998,,,Summer,
52999,,,Summer,
53000,,,Summer,
53001,,,Summer,
53002,,,Fall,
53003,,,Summer,
53004,,,Summer,
53006,,,Summer,
53007,,,Summer,
53008,,,Summer,
53009,,,Summer,
53010,,,Summer,
53011,,,Summer,
53013,,,Summer,
53014,,,Summer,
53015,,,Summer,
53016,,,Summer,
53017,,,Summer,
53019,,,Fall,
53020,,,Summer,
53021,,,Summer,
53023,,,Summer,
53024,,,Summer,
53025,,,Summer,
53026,,,Summer,
53027,,,Summer,
53029,,,Summer,
53030,,,Summer,
53031,,,Summer,
53032,,,Summer,
53033,,,Summer,
53034,,,Summer,
53035,,,Summer,
53036,,,Summer,
53037,,,Summer,
53038,,,Summer,
53039,,,Summer,
53040,,,Summer,
53041,,,Summer,
53042,,,Summer,
53043,,,Summer,
53044,,,Summer,
53045,,,Summer,
53046,,,Summer,
53047,,,Summer,
53048,,,Summer,
53049,,,Summer,
53050,,,Summer,
53051,,,Summer,
53052,,,Summer,
53053,,,Summer,
53054,,,Fall,
53055,,,Summer,
53056,,,Summer,
53057,,,Fall,
53058,,,Summer,
53059,,,Summer,
53060,,,Summer,
53061,,,Winter,
53062,,,Winter,
53063,,,Winter,
53064,,,Winter,
53065,,,Summer,
53066,,,Summer,
53067,,,Summer,
53068,,,Summer,
53069,,,Summer,
53070,,,Winter,
53071,,,Summer,
53072,,,Summer,
53073,,,Winter,
53075,,,Summer,
53076,,,Summer,
53077,,,Summer,
53078,,,Winter,
53079,,,Winter,
53080,,,Summer,
53081,,,Summer,
53082,,,Summer,
53083,,,Summer,
53084,,,Winter,
53085,,,Summer,
53086,,,Summer,
53087,,,Summer,
53088,,,Summer,
53089,,,Winter,
53090,,,Winter,
53091,,,Summer,
53092,,,Summer,
53093,,,Summer,
53094,,,Summer,
53095,,,Summer,
53096,,,Winter,
53097,,,Winter,
53098,,,Summer,
53099,,,Winter,
53100,,,Winter,
53101,,,Summer,
53102,,,Winter,
53103,,,Winter,
53104,,,Winter,
53105,,,Winter,
53106,,,Winter,
53107,,,Winter,
53108,,,Winter,
53109,,,Winter,
53110,,,Winter,
53111,,,Summer,
53112,,,Summer,
53113,,,Summer,
53114,,,Summer,
53115,,,Summer,
53116,,,Summer,
53117,,,Summer,
53118,,,Summer,
53119,,,Summer,
53120,,,Summer,
53121,,,Summer,
53122,,,Summer,
53123,,,Summer,
53124,,,Summer,
53125,,,Summer,
53126,,,Summer,
53127,,,Spring,
53128,,,Summer,
53129,,,Summer,
53130,,,Winter,
53131,,,Winter,
53132,,,Winter,
53133,,,Winter,
53134,,,Winter,
53135,,,Winter,
53136,,,Winter,
53137,,,Winter,
53138,,,Winter,
53139,,,Winter,
53140,,,Winter,
53141,,,Winter,
53142,,,Winter,
53143,,,Winter,
53144,,,Winter,
53145,,,Winter,
53146,,,Winter,
53147,,,Winter,
53148,,,Winter,
53149,,,Winter,
53150,,,Winter,
53152,,,Summer,
53159,,,Summer,
53211,,,Summer,
53215,,,Summer,
53226,,,Summer,
53228,,,Summer,
53248,,,Summer,
53252,,,Summer,
53264,,,Summer,
53269,,,Summer,
53278,,,Summer,
53282,,,Summer,
53286,,,Summer,
53287,,,Summer,
53296,,,Summer,
53303,,,Summer,
53307,,,Summer,
53312,,,Summer,
53313,,,Summer,
53314,,,Summer,
53318,,,Summer,
53319,,,Summer,
53328,,,Summer,
53329,,,Summer,
53332,,,Summer,
53338,,,Summer,
53345,,,Summer,
53348,,,Summer,
53357,,,Summer,
53358,,,Summer,
53360,,,Summer,
53361,,,Summer,
53362,,,Summer,
53363,,,Summer,
53364,,,Summer,
53365,,,Spring,
53366,,,Spring,
53367,,,Spring,
53368,,,Spring,
53369,,,Winter,
53370,,,Summer,
53371,,,Summer,
53372,,,Summer,
53373,,,Spring,
53374,,,Winter,
53376,,,Spring,
53377,,,Summer,
53378,,,Spring,
53379,,,Spring,
53380,,,Summer,
53381,,,Summer,
53382,,,Spring,
53383,,,Spring,
53384,,,Summer,
53386,,,Summer,
53387,,,Summer,
53388,,,Summer,
53389,,,Summer,
53390,,,Summer,
53391,,,Summer,
53392,,,Summer,
53393,,,Summer,
53394,,,Summer,
53395,,,Summer,
53396,,,Summer,
53397,,,Summer,
53398,,,Summer,
53399,,,Summer,
53401,,,Summer,
53402,,,Summer,
53403,,,Summer,
53404,,,Summer,
53405,,,Summer,
53406,,,Summer,
53408,,,Summer,
53409,,,Summer,
53410,,,Summer,
53411,,,Summer,
53412,,,Summer,
53413,,,Summer,
53414,,,Summer,
53415,,,Summer,
53416,,,Summer,
53417,,,Summer,
53418,,,Summer,
53419,,,Summer,
53420,,,Summer,
53421,,,Summer,
53422,,,Summer,
53423,,,Summer,
53424,,,Summer,
53425,,,Summer,
53426,,,Summer,
53427,,,Summer,
53428,,,Summer,
53429,,,Summer,
53430,,,Summer,
53431,,,Summer,
53432,,,Summer,
53433,,,Summer,
53434,,,Summer,
53435,,,Summer,
53436,,,Summer,
53437,,,Spring,
53438,,,Spring,
53439,,,Summer,
53440,,,Summer,
53441,,,Fall,
53442,,,Spring,
53444,,,Summer,
53445,,,Winter,
53446,,,Spring,
53447,,,Summer,
53448,,,Spring,
53449,,,Summer,
53450,,,Summer,
53452,,,Winter,
53453,,,Winter,
53454,,,Winter,
53455,,,Winter,
53456,,,Summer,
53457,,,Winter,
53458,,,Winter,
53459,,,Winter,
53460,,,Winter,
53461,,,Summer,
53462,,,Summer,
53463,,,Summer,
53464,,,Summer,
53465,,,Summer,
53466,,,Summer,
53467,,,Summer,
53468,,,Summer,
53469,,,Summer,
53470,,,Summer,
53473,,,Summer,
53474,,,Summer,
53475,,,Summer,
53476,,,Summer,
53477,,,Summer,
53478,,,Summer,
53479,,,Summer,
53480,,,Summer,
53484,,,Summer,
53485,,,Summer,
53486,,,Summer,
53487,,,Summer,
53488,,,Summer,
53489,,,Summer,
53490,,,Summer,
53491,,,Summer,
53492,,,Summer,
53493,,,Summer,
53498,,,Summer,
53506,,,Summer,
53507,,,Summer,
53508,,,Summer,
53520,,,Summer,
53525,,,Summer,
53526,,,Summer,
53527,,,Summer,
53528,,,Summer,
53529,,,Summer,
53530,,,Summer,
53531,,,Summer,
53532,,,Summer,
53533,,,Summer,
53534,,,Summer,
53535,,,Summer,
53536,,,Summer,
53537,,,Summer,
53538,,,Summer,
53539,,,Summer,
53540,,,Summer,
53541,,,Summer,
53542,,,Summer,
53543,,,Summer,
53545,,,Summer,
53546,,,Summer,
53547,,,Summer,
53548,,,Summer,
53554,,,Summer,
53555,,,Summer,
53556,,,Summer,
53557,,,Summer,
53558,,,Summer,
53559,,,Summer,
53560,,,Winter,
53561,,,Winter,
53562,,,Winter,
53563,,,Winter,
53564,,,Summer,
53565,,,Winter,
53566,,,Summer,
53567,,,Winter,
53568,,,Winter,
53569,,,Winter,
53570,,,Winter,
53571,,,Winter,
53572,,,Winter,
53573,,,Winter,
53574,,,Winter,
53575,,,Winter,
53576,,,Winter,
53577,,,Winter,
53578,,,Winter,
53579,,,Summer,
53580,,,Winter,
53581,,,Winter,
53582,,,Winter,
53583,,,Winter,
53584,,,Winter,
53585,,,Winter,
53586,,,Winter,
53587,,,Winter,
53588,,,Winter,
53589,,,Winter,
53590,,,Winter,
53591,,,Winter,
53592,,,Winter,
53593,,,Winter,
53594,,,Winter,
53595,,,Winter,
53596,,,Winter,
53597,,,Winter,
53598,,,Winter,
53599,,,Winter,
53600,,,Winter,
53601,,,Winter,
53602,,,Winter,
53603,,,Winter,
53604,,,Winter,
53605,,,Winter,
53606,,,Winter,
53608,,,Winter,
53609,,,Winter,
53611,,,Winter,
53612,,,Winter,
53613,,,Winter,
53614,,,Winter,
53615,,,Winter,
53616,,,Winter,
53617,,,Winter,
53618,,,Winter,
53619,,,Winter,
53620,,,Winter,
53621,,,Winter,
53622,,,Winter,
53623,,,Winter,
53624,,,Winter,
53625,,,Winter,
53626,,,Winter,
53627,,,Winter,
53628,,,Winter,
53629,,,Winter,
53630,,,Summer,
53631,,,Summer,
53632,,,Summer,
53633,,,Summer,
53634,,,Spring,
53635,,,Spring,
53636,,,Summer,
53637,,,Summer,
53638,,,Summer,
53639,,,Spring,
53640,,,Summer,
53648,,,Summer,
53649,,,Summer,
53651,,,Winter,
53652,,,Winter,
53653,,,Winter,
53654,,,Winter,
53655,,,Winter,
53656,,,Winter,
53657,,,Summer,
53659,,,Winter,
53660,,,Winter,
53661,,,Winter,
53663,,,Spring,
53665,,,Summer,
53666,,,Winter,
53667,,,Summer,
53668,,,Winter,
53669,,,Winter,
53670,,,Summer,
53671,,,Summer,
53672,,,Winter,
53673,,,Winter,
53674,,,Winter,
53675,,,Winter,
53676,,,Winter,
53677,,,Summer,
53678,,,Summer,
53679,,,Summer,
53680,,,Winter,
53681,,,Summer,
53682,,,Summer,
53683,,,Summer,
53684,,,Winter,
53685,,,Winter,
53686,,,Summer,
53687,,,Summer,
53688,,,Summer,
53689,,,Summer,
53692,,,Summer,
53695,,,Summer,
53696,,,Summer,
53698,,,Winter,
53702,,,Winter,
53706,,,Summer,
53708,,,Summer,
53710,,,Summer,
53715,,,Winter,
53719,,,Summer,
53720,,,Summer,
53723,,,Spring,
53724,,,Spring,
53725,,,Winter,
53726,,,Summer,
53727,,,Summer,
53729,,,Spring,
53731,,,Summer,
53732,,,Summer,
53734,,,Summer,
53735,,,Winter,
53737,,,Summer,
53738,,,Summer,
53740,,,Summer,
53741,,,Summer,
53742,,,Summer,
53743,,,Summer,
53744,,,Summer,
53745,,,Summer,
53747,,,Summer,
53748,,,Summer,
53749,,,Summer,
53750,,,Summer,
53751,,,Summer,
53752,,,Summer,
53753,,,Summer,
53754,,,Summer,
53755,,,Summer,
53756,,,Summer,
53757,,,Fall,
53759,,,Summer,
53760,,,Summer,
53761,,,Summer,
53762,,,Summer,
53763,,,Summer,
53764,,,Summer,
53765,,,Summer,
53766,,,Summer,
53767,,,Summer,
53768,,,Summer,
53770,,,Summer,
53771,,,Summer,
53772,,,Summer,
53773,,,Summer,
53774,,,Summer,
53775,,,Summer,
53776,,,Summer,
53777,,,Spring,
53778,,,Summer,
53779,,,Summer,
53780,,,Summer,
53781,,,Summer,
53782,,,Summer,
53783,,,Summer,
53784,,,Summer,
53785,,,Summer,
53786,,,Summer,
53787,,,Summer,
53788,,,Summer,
53791,,,Summer,
53793,,,Summer,
53794,,,Summer,
53795,,,Summer,
53796,,,Summer,
53797,,,Summer,
53798,,,Summer,
53799,,,Summer,
53800,,,Summer,
53801,,,Summer,
53802,,,Summer,
53803,,,Summer,
53804,,,Summer,
53805,,,Summer,
53806,,,Fall,
53807,,,Summer,
53808,,,Summer,
53809,,,Summer,
53810,,,Summer,
53811,,,Summer,
53812,,,Summer,
53813,,,Summer,
53814,,,Summer,
53815,,,Summer,
53816,,,Summer,
53817,,,Summer,
53818,,,Summer,
53819,,,Summer,
53820,,,Summer,
53822,,,Summer,
53823,,,Summer,
53824,,,Summer,
53825,,,Summer,
53826,,,Summer,
53829,,,Summer,
53830,,,Summer,
53832,,,Summer,
53833,,,Summer,
53834,,,Summer,
53835,,,Summer,
53836,,,Summer,
53837,,,Summer,
53838,,,Summer,
53839,,,Summer,
53840,,,Summer,
53841,,,Summer,
53842,,,Summer,
53843,,,Summer,
53849,,,Summer,
53850,,,Summer,
53851,,,Summer,
53852,,,Summer,
53856,,,Summer,
53857,,,Summer,
53859,,,Summer,
53861,,,Summer,
53863,,,Summer,
53864,,,Summer,
53866,,,Summer,
53867,,,Winter,
53868,,,Winter,
53869,,,Winter,
53870,,,Winter,
53871,,,Winter,
53872,,,Summer,
53873,,,Fall,
53874,,,Summer,
53875,,,Summer,
53876,,,Summer,
53877,,,Summer,
53878,,,Spring,
53879,,,Summer,
53880,,,Spring,
53881,,,Summer,
53882,,,Summer,
53883,,,Summer,
53884,,,Summer,
53886,,,Summer,
53887,,,Summer,
53888,,,Winter,
53889,,,Summer,
53890,,,Winter,
53891,,,Summer,
53892,,,Winter,
53893,,,Summer,
53894,,,Summer,
53895,,,Summer,
53896,,,Summer,
53897,,,Summer,
53900,,,Winter,
53902,,,Summer,
53905,,,Summer,
53907,,,Winter,
53911,,,Summer,
53914,,,Summer,
53918,,,Winter,
53921,,,Summer,
53927,,,Winter,
53928,,,Summer,
53930,,,Summer,
53931,,,Winter,
53934,,,Winter,
53935,,,Winter,
53941,,,Winter,
53942,,,Winter,
53943,,,Winter,
53944,,,Winter,
53946,,,Winter,
53961,,,Winter,
53963,,,Winter,
53964,,,Winter,
53979,,,Summer,
53981,,,Summer,
53985,,,Winter,
53990,,,Winter,
53991,,,Winter,
53994,,,Winter,
53997,,,Summer,
53999,,,Summer,
54000,,,Summer,
54002,,,Summer,
54003,,,Summer,
54007,,,Winter,
54008,,,Winter,
54009,,,Winter,
54014,,,Summer,
54016,,,Summer,
54017,,,Winter,
54018,,,Summer,
54019,,,Winter,
54020,,,Winter,
54031,,,Summer,
54032,,,Summer,
54033,,,Summer,
54035,,,Summer,
54036,,,Winter,
54040,,,Summer,
54041,,,Summer,
54049,,,Summer,
54050,,,Summer,
54051,,,Summer,
54052,,,Summer,
54053,,,Summer,
54054,,,Summer,
54055,,,Summer,
54056,,,Summer,
54057,,,Summer,
54058,,,Fall,
54059,,,Summer,
54060,,,Summer,
54061,,,Spring,
54062,,,Spring,
54063,,,Spring,
54064,,,Spring,
54065,,,Summer,
54066,,,Summer,
54068,,,Summer,
54069,,,Winter,
54070,,,Summer,
54071,,,Summer,
54072,,,Fall,
54073,,,Fall,
54076,,,Summer,
54077,,,Winter,
54078,,,Summer,
54079,,,Summer,
54080,,,Summer,
54081,,,Summer,
54082,,,Summer,
54083,,,Summer,
54084,,,Summer,
54086,,,Summer,
54087,,,Summer,
54088,,,Summer,
54089,,,Summer,
54090,,,Summer,
54095,,,Summer,
54103,,,Winter,
54104,,,Winter,
54105,,,Winter,
54106,,,Winter,
54107,,,Winter,
54108,,,Summer,
54109,,,Winter,
54110,,,Winter,
54111,,,Winter,
54112,,,Winter,
54113,,,Winter,
54114,,,Winter,
54115,,,Winter,
54116,,,Winter,
54117,,,Winter,
54118,,,Winter,
54119,,,Winter,
54120,,,Winter,
54121,,,Summer,
54122,,,Winter,
54123,,,Winter,
54124,,,Winter,
54125,,,Winter,
54126,,,Winter,
54127,,,Winter,
54128,,,Summer,
54129,,,Winter,
54130,,,Winter,
54131,,,Winter,
54132,,,Winter,
54133,,,Winter,
54134,,,Winter,
54135,,,Winter,
54136,,,Spring,
54137,,,Winter,
54138,,,Winter,
54139,,,Winter,
54140,,,Winter,
54141,,,Winter,
54142,,,Winter,
54143,,,Winter,
54144,,,Winter,
54145,,,Winter,
54146,,,Summer,
54147,,,Summer,
54148,,,Winter,
54149,,,Summer,
54150,,,Summer,
54151,,,Winter,
54152,,,Fall,
54153,,,Winter,
54154,,,Summer,
54155,,,Winter,
54156,,,Winter,
54157,,,Winter,
54158,,,Summer,
54159,,,Summer,
54160,,,Summer,
54161,,,Summer,
54162,,,Winter,
54163,,,Summer,
54164,,,Fall,
54165,,,Winter,
54166,,,Winter,
54167,,,Winter,
54168,,,Winter,
54169,,,Summer,
54170,,,Winter,
54171,,,Summer,
54172,,,Summer,
54173,,,Summer,
54174,,,Winter,
54175,,,Summer,
54176,,,Summer,
54177,,,Summer,
54178,,,Winter,
54182,,,Winter,
54183,,,Summer,
54185,,,Summer,
54186,,,Summer,
54187,,,Summer,
54188,,,Summer,
54189,,,Summer,
54192,,,Fall,
54194,,,Summer,
54200,,,Summer,
54202,,,Summer,
54225,,,Fall,
54226,,,Summer,
54228,,,Winter,
54229,,,Winter,
54252,,,Summer,
54280,,,Summer,
54302,,,Summer,
54303,,,Summer,
54304,,,Summer,
54305,,,Summer,
54306,,,Summer,
54307,,,Summer,
54311,,,Summer,
54318,,,Summer,
54319,,,Summer,
54320,,,Summer,
54325,,,Summer,
54326,,,Summer,
54327,,,Summer,
54328,,,Summer,
54329,,,Summer,
54330,,,Summer,
54332,,,Summer,
54334,,,Summer,
54338,,,Summer,
54339,,,Summer,
54340,,,Summer,
54341,,,Spring,
54342,,,Summer,
54343,,,Summer,
54344,,,Summer,
54345,,,Summer,
54346,,,Summer,
54375,,,Winter,
54380,,,Summer,
54381,,,Summer,
54382,,,Winter,
54383,,,Winter,
54384,,,Winter,
54385,,,Summer,
54386,,,Winter,
54387,,,Winter,
54388,,,Winter,
54389,,,Winter,
54390,,,Winter,
54391,,,Winter,
54392,,,Winter,
54393,,,Summer,
54394,,,Summer,
54395,,,Summer,
54396,,,Winter,
54397,,,Summer,
54398,,,Summer,
54399,,,Winter,
54400,,,Summer,
54401,,,Winter,
54402,,,Winter,
54403,,,Winter,
54404,,,Winter,
54405,,,Winter,
54406,,,Summer,
54407,,,Summer,
54408,,,Winter,
54409,,,Summer,
54410,,,Summer,
54411,,,Winter,
54412,,,Winter,
54475,,,Winter,
54476,,,Summer,
54477,,,Summer,
54478,,,Summer,
54479,,,Summer,
54480,,,Summer,
54481,,,Summer,
54482,,,Summer,
54483,,,Summer,
54484,,,Summer,
54485,,,Summer,
54486,,,Summer,
54487,,,Summer,
54488,,,Summer,
54489,,,Summer,
54490,,,Summer,
54491,,,Winter,
54492,,,Summer,
54493,,,Winter,
54494,,,Summer,
54495,,,Summer,
54496,,,Summer,
54497,,,Summer,
54498,,,Winter,
54499,,,Winter,
54500,,,Winter,
54501,,,Summer,
54502,,,Winter,
54503,,,Summer,
54504,,,Winter,
54505,,,Winter,
54506,,,Summer,
54507,,,Winter,
54508,,,Summer,
54509,,,Summer,
54510,,,Winter,
54511,,,Winter,
54512,,,Winter,
54513,,,Summer,
54514,,,Summer,
54515,,,Fall,
54516,,,Summer,
54517,,,Summer,
54518,,,Summer,
54519,,,Summer,
54520,,,Summer,
54521,,,Fall,
54522,,,Summer,
54523,,,Summer,
54524,,,Summer,
54525,,,Fall,
54526,,,Summer,
54527,,,Summer,
54528,,,Summer,
54529,,,Fall,
54530,,,Summer,
54533,,,Summer,
54534,,,Summer,
54535,,,Summer,
54536,,,Summer,
54537,,,Summer,
54538,,,Fall,
54539,,,Summer,
54540,,,Fall,
54541,,,Summer,
54542,,,Summer,
54543,,,Spring,
54544,,,Fall,
54545,,,Summer,
54546,,,Summer,
54547,,,Summer,
54548,,,Summer,
54549,,,Summer,
54550,,,Summer,
54551,,,Summer,
54553,,,Summer,
54554,,,Summer,
54555,,,Summer,
54556,,,Summer,
54557,,,Summer,
54558,,,Summer,
54559,,,Summer,
54561,,,Summer,
54562,,,Summer,
54563,,,Summer,
54564,,,Summer,
54565,,,Summer,
54566,,,Summer,
54567,,,Summer,
54568,,,Summer,
54569,,,Summer,
54570,,,Summer,
54571,,,Summer,
54572,,,Summer,
54573,,,Summer,
54574,,,Summer,
54575,,,Summer,
54576,,,Summer,
54577,,,Summer,
54578,,,Summer,
54579,,,Summer,
54580,,,Summer,
54581,,,Summer,
54582,,,Summer,
54584,,,Summer,
54585,,,Summer,
54586,,,Summer,
54587,,,Summer,
54588,,,Summer,
54589,,,Summer,
54590,,,Summer,
54595,,,Fall,
54596,,,Summer,
54597,,,Fall,
54598,,,Summer,
54599,,,Summer,
54600,,,Summer,
54601,,,Summer,
54602,,,Summer,
54603,,,Summer,
54604,,,Summer,
54605,,,Summer,
54606,,,Summer,
54607,,,Summer,
54608,,,Summer,
54609,,,Summer,
54610,,,Summer,
54611,,,Summer,
54612,,,Summer,
54613,,,Summer,
54614,,,Summer,
54615,,,Summer,
54616,,,Summer,
54617,,,Summer,
54618,,,Summer,
54619,,,Winter,
54620,,,Winter,
54621,,,Summer,
54622,,,Winter,
54623,,,Winter,
54625,,,Winter,
54626,,,Winter,
54627,,,Winter,
54628,,,Winter,
54629,,,Winter,
54630,,,Winter,
54631,,,Winter,
54632,,,Winter,
54633,,,Winter,
54634,,,Winter,
54635,,,Winter,
54636,,,Winter,
54637,,,Winter,
54638,,,Winter,
54639,,,Winter,
54640,,,Winter,
54641,,,Winter,
54642,,,Winter,
54643,,,Winter,
54644,,,Winter,
54645,,,Winter,
54646,,,Winter,
54647,,,Winter,
54648,,,Winter,
54649,,,Winter,
54650,,,Winter,
54651,,,Summer,
54652,,,Summer,
54653,,,Winter,
54654,,,Winter,
54655,,,Winter,
54656,,,Winter,
54657,,,Summer,
54658,,,Winter,
54659,,,Winter,
54660,,,Winter,
54661,,,Winter,
54662,,,Winter,
54663,,,Winter,
54664,,,Winter,
54665,,,Winter,
54666,,,Winter,
54667,,,Winter,
54668,,,Winter,
54669,,,Winter,
54670,,,Winter,
54671,,,Winter,
54672,,,Winter,
54674,,,Winter,
54675,,,Winter,
54676,,,Winter,
54677,,,Winter,
54678,,,Winter,
54679,,,Winter,
54680,,,Summer,
54681,,,Summer,
54682,,,Summer,
54683,,,Summer,
54684,,,Summer,
54685,,,Summer,
54686,,,Summer,
54687,,,Summer,
54688,,,Summer,
54689,,,Summer,
54690,,,Summer,
54691,,,Summer,
54692,,,Summer,
54693,,,Summer,
54694,,,Summer,
54695,,,Summer,
54696,,,Summer,
54697,,,Summer,
54698,,,Summer,
54699,,,Summer,
54700,,,Summer,
54702,,,Summer,
54703,,,Summer,
54704,,,Summer,
54705,,,Summer,
54706,,,Summer,
54708,,,Summer,
54710,,,Summer,
54711,,,Summer,
54712,,,Summer,
54713,,,Summer,
54714,,,Summer,
54715,,,Summer,
54716,,,Summer,
54717,,,Summer,
54718,,,Summer,
54719,,,Summer,
54720,,,Summer,
54721,,,Summer,
54722,,,Summer,
54723,,,Summer,
54724,,,Summer,
54725,,,Summer,
54726,,,Summer,
54727,,,Summer,
54728,,,Summer,
54729,,,Summer,
54730,,,Summer,
54731,,,Summer,
54732,,,Summer,
54733,,,Summer,
54734,,,Summer,
54735,,,Summer,
54736,,,Summer,
54737,,,Summer,
54738,,,Summer,
54739,,,Summer,
54740,,,Summer,
54741,,,Summer,
54742,,,Summer,
54744,,,Summer,
54767,,,Summer,
54792,,,Fall,
54794,,,Summer,
54796,,,Summer,
54800,,,Summer,
54804,,,Summer,
54805,,,Winter,
54807,,,Winter,
54808,,,Winter,
54812,,,Winter,
54813,,,Summer,
54819,,,Winter,
54823,,,Winter,
54827,,,Winter,
54828,,,Summer,
54829,,,Summer,
54831,,,Winter,
54834,,,Winter,
54836,,,Winter,
54838,,,Summer,
54842,,,Summer,
54849,,,Summer,
54850,,,Winter,
54851,,,Winter,
54852,,,Fall,
54853,,,Summer,
54854,,,Summer,
54856,,,Winter,
54857,,,Winter,
54858,,,Fall,
54859,,,Summer,
54860,,,Summer,
54861,,,Summer,
54862,,,Fall,
54863,,,Fall,
54864,,,Fall,
54865,,,Summer,
54866,,,Fall,
54867,,,Summer,
54868,,,Summer,
54869,,,Summer,
54870,,,Summer,
54871,,,Summer,
54872,,,Winter,
54873,,,Summer,
54874,,,Winter,
54875,,,Summer,
54876,,,Fall,
54877,,,Fall,
54878,,,Winter,
54879,,,Fall,
54880,,,Winter,
54881,,,Summer,
54882,,,Fall,
54883,,,Summer,
54884,,,Summer,
54885,,,Fall,
54886,,,Summer,
54888,,,Fall,
54889,,,Summer,
54890,,,Summer,
54891,,,Summer,
54894,,,Summer,
54896,,,Summer,
54897,,,Summer,
54899,,,Summer,
54900,,,Summer,
54901,,,Summer,
54902,,,Summer,
54903,,,Summer,
54904,,,Summer,
54905,,,Summer,
54906,,,Summer,
54907,,,Summer,
54908,,,Summer,
54909,,,Summer,
54911,,,Summer,
54913,,,Summer,
54914,,,Summer,
54915,,,Summer,
54918,,,Summer,
54919,,,Summer,
54921,,,Summer,
54923,,,Summer,
54924,,,Summer,
54925,,,Summer,
54926,,,Summer,
54927,,,Summer,
54928,,,Summer,
54929,,,Summer,
54930,,,Summer,
54931,,,Summer,
54932,,,Summer,
54933,,,Summer,
54934,,,Summer,
54935,,,Summer,
54936,,,Summer,
54937,,,Summer,
54938,,,Summer,
54939,,,Summer,
54940,,,Summer,
54941,,,Summer,
54942,,,Summer,
54943,,,Summer,
54944,,,Summer,
54945,,,Summer,
54946,,,Summer,
54947,,,Summer,
54948,,,Summer,
54949,,,Summer,
54950,,,Summer,
54951,,,Summer,
54953,,,Summer,
54954,,,Summer,
54955,,,Summer,
54957,,,Summer,
54958,,,Summer,
54959,,,Summer,
54960,,,Summer,
54961,,,Summer,
54964,,,Summer,
54965,,,Summer,
54966,,,Winter,
54967,,,Spring,
54968,,,Spring,
54969,,,Spring,
54970,,,Spring,
54971,,,Summer,
54972,,,Summer,
54973,,,Summer,
54974,,,Summer,
54975,,,Summer,
54976,,,Summer,
54977,,,Summer,
54978,,,Summer,
54979,,,Summer,
54980,,,Summer,
54981,,,Summer,
54982,,,Summer,
54983,,,Summer,
54984,,,Summer,
54985,,,Summer,
54986,,,Fall,
54987,,,Summer,
54988,,,Summer,
54989,,,Summer,
54990,,,Summer,
54991,,,Summer,
54992,,,Summer,
54993,,,Summer,
54995,,,Spring,
54997,,,Spring,
55000,,,Spring,
55001,,,Spring,
55002,,,Spring,
55003,,,Spring,
55004,,,Summer,
55005,,,Spring,
55006,,,Spring,
55007,,,Spring,
55008,,,Spring,
55009,,,Spring,
55010,,,Spring,
55012,,,Spring,
55013,,,Spring,
55015,,,Spring,
55016,,,Spring,
55018,,,Spring,
55020,,,Spring,
55021,,,Spring,
55022,,,Spring,
55023,,,Spring,
55024,,,Spring,
55025,,,Spring,
55026,,,Spring,
55027,,,Spring,
55028,,,Spring,
55029,,,Spring,
55030,,,Spring,
55031,,,Spring,
55032,,,Spring,
55033,,,Spring,
55034,,,Spring,
55035,,,Spring,
55036,,,Spring,
55037,,,Spring,
55038,,,Spring,
55039,,,Spring,
55040,,,Spring,
55041,,,Spring,
55042,,,Spring,
55043,,,Spring,
55044,,,Spring,
55045,,,Spring,
55046,,,Spring,
55047,,,Spring,
55048,,,Spring,
55049,,,Spring,
55050,,,Spring,
55051,,,Spring,
55052,,,Spring,
55053,,,Spring,
55054,,,Spring,
55055,,,Spring,
55056,,,Spring,
55057,,,Spring,
55058,,,Spring,
55059,,,Spring,
55060,,,Spring,
55061,,,Spring,
55062,,,Spring,
55063,,,Spring,
55064,,,Spring,
55065,,,Spring,
55066,,,Spring,
55067,,,Spring,
55068,,,Spring,
55069,,,Spring,
55070,,,Spring,
55071,,,Spring,
55072,,,Spring,
55073,,,Spring,
55074,,,Spring,
55075,,,Spring,
55078,,,Summer,
55079,,,Summer,
55080,,,Summer,
55081,,,Summer,
55083,,,Summer,
55086,,,Spring,
55087,,,Summer,
55089,,,Fall,
55090,,,Fall,
55093,,,Winter,
55094,,,Spring,
55095,,,Spring,
55097,,,Spring,
55098,,,Summer,
55099,,,Spring,
55100,,,Summer,
55101,,,Summer,
55107,,,Spring,
55108,,,Summer,
55109,,,Summer,
55110,,,Summer,
55111,,,Summer,
55112,,,Summer,
55113,,,Summer,
55114,,,Summer,
55115,,,Summer,
55116,,,Summer,
55117,,,Summer,
55118,,,Summer,
55119,,,Summer,
55120,,,Spring,
55121,,,Spring,
55122,,,Spring,
55123,,,Spring,
55124,,,Spring,
55125,,,Spring,
55126,,,Spring,
55127,,,Spring,
55128,,,Spring,
55129,,,Spring,
55130,,,Spring,
55131,,,Spring,
55132,,,Spring,
55133,,,Spring,
55134,,,Spring,
55135,,,Spring,
55136,,,Spring,
55137,,,Spring,
55138,,,Spring,
55139,,,Spring,
55140,,,Summer,
55141,,,Spring,
55142,,,Summer,
55143,,,Spring,
55144,,,Summer,
55145,,,Spring,
55146,,,Spring,
55147,,,Spring,
55148,,,Spring,
55149,,,Spring,
55150,,,Spring,
55151,,,Spring,
55152,,,Spring,
55153,,,Spring,
55154,,,Spring,
55155,,,Spring,
55156,,,Spring,
55157,,,Spring,
55158,,,Spring,
55159,,,Spring,
55160,,,Spring,
55161,,,Spring,
55162,,,Spring,
55163,,,Spring,
55164,,,Spring,
55165,,,Spring,
55166,,,Spring,
55168,,,Spring,
55170,,,Spring,
55172,,,Spring,
55173,,,Spring,
55175,,,Spring,
55177,,,Spring,
55179,,,Spring,
55180,,,Spring,
55181,,,Spring,
55184,,,Spring,
55185,,,Spring,
55186,,,Spring,
55187,,,Spring,
55190,,,Spring,
55191,,,Spring,
55192,,,Spring,
55194,,,Spring,
55195,,,Spring,
55196,,,Spring,
55197,,,Spring,
55198,,,Spring,
55200,,,Spring,
55201,,,Spring,
55202,,,Summer,
55203,,,Summer,
55205,,,Summer,
55206,,,Spring,
55208,,,Spring,
55209,,,Summer,
55210,,,Summer,
55211,,,Summer,
55212,,,Summer,
55213,,,Spring,
55214,,,Spring,
55215,,,Spring,
55216,,,Spring,
55217,,,Spring,
55218,,,Spring,
55219,,,Spring,
55220,,,Spring,
55221,,,Spring,
55222,,,Spring,
55223,,,Spring,
55224,,,Spring,
55225,,,Spring,
55226,,,Spring,
55227,,,Spring,
55228,,,Spring,
55229,,,Spring,
55230,,,Summer,
55231,,,Summer,
55232,,,Summer,
55233,,,Spring,
55234,,,Spring,
55235,,,Spring,
55236,,,Spring,
55237,,,Spring,
55238,,,Spring,
55239,,,Spring,
55240,,,Spring,
55241,,,Spring,
55242,,,Spring,
55243,,,Spring,
55244,,,Spring,
55245,,,Spring,
55246,,,Spring,
55247,,,Spring,
55248,,,Spring,
55249,,,Spring,
55250,,,Summer,
55251,,,Summer,
55252,,,Spring,
55253,,,Spring,
55254,,,Spring,
55255,,,Spring,
55256,,,Summer,
55257,,,Spring,
55258,,,Spring,
55259,,,Spring,
55260,,,Spring,
55261,,,Spring,
55262,,,Spring,
55263,,,Spring,
55264,,,Spring,
55265,,,Spring,
55266,,,Spring,
55267,,,Spring,
55268,,,Spring,
55269,,,Spring,
55270,,,Spring,
55271,,,Spring,
55272,,,Spring,
55273,,,Spring,
55274,,,Spring,
55275,,,Summer,
55276,,,Summer,
55277,,,Summer,
55278,,,Summer,
55280,,,Summer,
55281,,,Summer,
55282,,,Summer,
55283,,,Summer,
55284,,,Summer,
55285,,,Summer,
55286,,,Spring,
55287,,,Spring,
55288,,,Spring,
55289,,,Spring,
55290,,,Summer,
55291,,,Fall,
55292,,,Summer,
55293,,,Summer,
55294,,,Spring,
55295,,,Spring,
55296,,,Summer,
55297,,,Summer,
55298,,,Summer,
55299,,,Summer,
55300,,,Spring,
55301,,,Spring,
55306,,,Summer,
55307,,,Summer,
55314,,,Summer,
55315,,,Summer,
55316,,,Summer,
55317,,,Summer,
55318,,,Summer,
55319,,,Spring,
55320,,,Summer,
55321,,,Spring,
55322,,,Summer,
55323,,,Summer,
55324,,,Summer,
55325,,,Summer,
55326,,,Spring,
55328,,,Summer,
55329,,,Summer,
55330,,,Summer,
55331,,,Spring,
55332,,,Spring,
55333,,,Spring,
55334,,,Winter,
55335,,,Summer,
55336,,,Spring,
55337,,,Spring,
55338,,,Spring,
55339,,,Spring,
55344,,,Spring,
55347,,,Spring,
55349,,,Spring,
55350,,,Spring,
55351,,,Spring,
55352,,,Spring,
55354,,,Spring,
55357,,,Spring,
55358,,,Spring,
55359,,,Spring,
55361,,,Spring,
55362,,,Spring,
55363,,,Spring,
55364,,,Spring,
55365,,,Spring,
55366,,,Spring,
55368,,,Spring,
55369,,,Spring,
55370,,,Spring,
55373,,,Summer,
55375,,,Summer,
55376,,,Spring,
55377,,,Spring,
55378,,,Spring,
55379,,,Spring,
55380,,,Spring,
55381,,,Spring,
55382,,,Spring,
55383,,,Spring,
55384,,,Spring,
55385,,,Summer,
55387,,,Spring,
55388,,,Summer,
55389,,,Spring,
55390,,,Spring,
55391,,,Spring,
55392,,,Spring,
55394,,,Spring,
55395,,,Spring,
55396,,,Spring,
55397,,,Spring,
55398,,,Winter,
55399,,,Spring,
55400,,,Spring,
55402,,,Spring,
55407,,,Spring,
55408,,,Spring,
55409,,,Spring,
55410,,,Spring,
55418,,,Spring,
55419,,,Spring,
55420,,,Spring,
55421,,,Spring,
55423,,,Spring,
55424,,,Spring,
55425,,,Spring,
55426,,,Spring,
55427,,,Spring,
55428,,,Spring,
55429,,,Spring,
55430,,,Spring,
55431,,,Spring,
55432,,,Spring,
55433,,,Spring,
55434,,,Spring,
55436,,,Spring,
55437,,,Spring,
55438,,,Spring,
55439,,,Spring,
55440,,,Spring,
55441,,,Spring,
55442,,,Spring,
55443,,,Spring,
55444,,,Spring,
55445,,,Spring,
55446,,,Spring,
55447,,,Spring,
55448,,,Spring,
55449,,,Spring,
55450,,,Spring,
55451,,,Spring,
55454,,,Spring,
55455,,,Summer,
55456,,,Spring,
55457,,,Spring,
55458,,,Spring,
55459,,,Spring,
55460,,,Spring,
55461,,,Spring,
55462,,,Spring,
55463,,,Spring,
55464,,,Spring,
55465,,,Spring,
55466,,,Spring,
55467,,,Spring,
55468,,,Spring,
55469,,,Spring,
55470,,,Summer,
55471,,,Spring,
55472,,,Spring,
55473,,,Spring,
55474,,,Spring,
55475,,,Spring,
55476,,,Spring,
55477,,,Spring,
55478,,,Spring,
55479,,,Spring,
55480,,,Spring,
55482,,,Spring,
55485,,,Spring,
55486,,,Spring,
55487,,,Spring,
55488,,,Summer,
55489,,,Summer,
55490,,,Spring,
55491,,,Spring,
55492,,,Summer,
55493,,,Summer,
55494,,,Spring,
55495,,,Spring,
55496,,,Summer,
55497,,,Spring,
55498,,,Summer,
55499,,,Spring,
55500,,,Spring,
55501,,,Spring,
55502,,,Spring,
55503,,,Spring,
55504,,,Spring,
55505,,,Spring,
55506,,,Spring,
55507,,,Spring,
55508,,,Spring,
55509,,,Spring,
55510,,,Spring,
55511,,,Spring,
55512,,,Spring,
55513,,,Summer,
55514,,,Summer,
55516,,,Summer,
55517,,,Summer,
55518,,,Summer,
55519,,,Summer,
55520,,,Spring,
55521,,,Spring,
55522,,,Spring,
55523,,,Spring,
55524,,,Spring,
55525,,,Spring,
55526,,,Spring,
55527,,,Spring,
55528,,,Spring,
55529,,,Spring,
55530,,,Spring,
55531,,,Spring,
55532,,,Spring,
55533,,,Spring,
55534,,,Winter,
55535,,,Spring,
55536,,,Spring,
55537,,,Spring,
55538,,,Spring,
55539,,,Spring,
55540,,,Summer,
55541,,,Spring,
55542,,,Spring,
55543,,,Spring,
55544,,,Spring,
55545,,,Spring,
55546,,,Spring,
55547,,,Spring,
55548,,,Spring,
55549,,,Spring,
55550,,,Spring,
55551,,,Spring,
55553,,,Spring,
55556,,,Spring,
55557,,,Spring,
55558,,,Spring,
55559,,,Spring,
55560,,,Winter,
55561,,,Summer,
55564,,,Spring,
55565,,,Spring,
55568,,,Spring,
55569,,,Spring,
55570,,,Spring,
55571,,,Spring,
55572,,,Spring,
55573,,,Spring,
55574,,,Summer,
55575,,,Summer,
55576,,,Summer,
55577,,,Summer,
55578,,,Summer,
55579,,,Summer,
55580,,,Summer,
55581,,,Summer,
55582,,,Summer,
55583,,,Spring,
55584,,,Summer,
55585,,,Summer,
55586,,,Summer,
55587,,,Spring,
55590,,,Summer,
55591,,,Summer,
55595,,,Summer,
55597,,,Summer,
55599,,,Summer,
55608,,,Summer,
55612,,,Summer,
55613,,,Summer,
55614,,,Summer,
55615,,,Summer,
55616,,,Summer,
55617,,,Summer,
55618,,,Summer,
55619,,,Summer,
55620,,,Summer,
55621,,,Summer,
55622,,,Summer,
55623,,,Summer,
55624,,,Summer,
55625,,,Summer,
55626,,,Summer,
55627,,,Summer,
55628,,,Summer,
55629,,,Summer,
55630,,,Winter,
55631,,,Winter,
55632,,,Winter,
55633,,,Winter,
55634,,,Winter,
55635,,,Winter,
55636,,,Summer,
55637,,,Winter,
55638,,,Winter,
55639,,,Summer,
55640,,,Winter,
55641,,,Winter,
55642,,,Winter,
55643,,,Winter,
55644,,,Winter,
55645,,,Summer,
55646,,,Winter,
55647,,,Spring,
55648,,,Winter,
55649,,,Winter,
55650,,,Winter,
55651,,,Winter,
55652,,,Winter,
55653,,,Winter,
55654,,,Winter,
55655,,,Winter,
55656,,,Winter,
55657,,,Winter,
55783,,,Summer,
55784,,,Summer,
55785,,,Summer,
55786,,,Summer,
55787,,,Summer,
55788,,,Summer,
55789,,,Summer,
55790,,,Summer,
55791,,,Summer,
55794,,,Summer,
55795,,,Summer,
55796,,,Summer,
55797,,,Summer,
55798,,,Summer,
55799,,,Summer,
55800,,,Summer,
55801,,,Summer,
55802,,,Summer,
55803,,,Summer,
55804,,,Summer,
55805,,,Summer,
55806,,,Summer,
55807,,,Summer,
55809,,,Summer,
55810,,,Summer,
55811,,,Summer,
55812,,,Summer,
55813,,,Summer,
55814,,,Summer,
55817,,,Summer,
55818,,,Summer,
55819,,,Summer,
55821,,,Summer,
55822,,,Summer,
55823,,,Summer,
55824,,,Summer,
55825,,,Summer,
55826,,,Summer,
55827,,,Summer,
55828,,,Summer,
55829,,,Summer,
55830,,,Summer,
55831,,,Summer,
55832,,,Summer,
55833,,,Spring,
55834,,,Summer,
55835,,,Spring,
55836,,,Spring,
55837,,,Spring,
55838,,,Spring,
55839,,,Spring,
55840,,,Spring,
55841,,,Spring,
55842,,,Spring,
55843,,,Spring,
55844,,,Spring,
55845,,,Spring,
55846,,,Spring,
55847,,,Spring,
55848,,,Summer,
55849,,,Spring,
55850,,,Spring,
55851,,,Spring,
55852,,,Spring,
55853,,,Spring,
55854,,,Spring,
55855,,,Spring,
55856,,,Spring,
55857,,,Spring,
55858,,,Spring,
55859,,,Spring,
55860,,,Spring,
55861,,,Spring,
55862,,,Spring,
55863,,,Spring,
55864,,,Spring,
55865,,,Spring,
55866,,,Spring,
55867,,,Summer,
55868,,,Spring,
55869,,,Summer,
55870,,,Spring,
55871,,,Spring,
55872,,,Spring,
55873,,,Spring,
55874,,,Spring,
55875,,,Spring,
55876,,,Spring,
55877,,,Spring,
55878,,,Spring,
55879,,,Spring,
55880,,,Spring,
55881,,,Spring,
55882,,,Spring,
55883,,,Summer,
55884,,,Spring,
55885,,,Spring,
55886,,,Spring,
55887,,,Spring,
55888,,,Spring,
55889,,,Spring,
55890,,,Spring,
55891,,,Spring,
55892,,,Spring,
55893,,,Spring,
55894,,,Spring,
55895,,,Spring,
55896,,,Spring,
55897,,,Spring,
55898,,,Summer,
55899,,,Spring,
55900,,,Spring,
55901,,,Summer,
55902,,,Spring,
55903,,,Spring,
55904,,,Spring,
55905,,,Summer,
55906,,,Spring,
55907,,,Spring,
55909,,,Spring,
55910,,,Spring,
55911,,,Spring,
55912,,,Spring,
55913,,,Spring,
55914,,,Spring,
55915,,,Spring,
55916,,,Spring,
55917,,,Spring,
55918,,,Spring,
55919,,,Spring,
55920,,,Spring,
55921,,,Spring,
55922,,,Spring,
55923,,,Spring,
55924,,,Spring,
55925,,,Spring,
55926,,,Spring,
55927,,,Spring,
55928,,,Spring,
55929,,,Spring,
55930,,,Spring,
55931,,,Spring,
55932,,,Spring,
55933,,,Spring,
55935,,,Spring,
55936,,,Spring,
55937,,,Spring,
55938,,,Spring,
55939,,,Spring,
55940,,,Spring,
55941,,,Spring,
55942,,,Spring,
55943,,,Spring,
55944,,,Spring,
55945,,,Spring,
55946,,,Spring,
55947,,,Spring,
55948,,,Spring,
55949,,,Spring,
55950,,,Spring,
55951,,,Spring,
55952,,,Spring,
55953,,,Spring,
55954,,,Spring,
55955,,,Spring,
55956,,,Spring,
55957,,,Spring,
55958,,,Summer,
55959,,,Spring,
55960,,,Spring,
55961,,,Spring,
55962,,,Summer,
55963,,,Summer,
55964,,,Summer,
55965,,,Spring,
55966,,,Spring,
55967,,,Spring,
55968,,,Spring,
55969,,,Spring,
55970,,,Spring,
55971,,,Spring,
55972,,,Summer,
55973,,,Spring,
55974,,,Spring,
55975,,,Spring,
55976,,,Summer,
55977,,,Summer,
55978,,,Spring,
55979,,,Spring,
55980,,,Spring,
55981,,,Spring,
55982,,,Spring,
55983,,,Spring,
55984,,,Spring,
55985,,,Spring,
55986,,,Spring,
55987,,,Spring,
55988,,,Spring,
55989,,,Summer,
55990,,,Spring,
55991,,,Spring,
55992,,,Spring,
55993,,,Spring,
55994,,,Spring,
55995,,,Spring,
55996,,,Spring,
55997,,,Spring,
55998,,,Spring,
55999,,,Spring,
56000,,,Spring,
56001,,,Spring,
56002,,,Spring,
56003,,,Spring,
56004,,,Spring,
56005,,,Spring,
56006,,,Spring,
56007,,,Spring,
56008,,,Summer,
56009,,,Spring,
56010,,,Spring,
56011,,,Spring,
56012,,,Summer,
56013,,,Spring,
56014,,,Spring,
56015,,,Spring,
56016,,,Summer,
56017,,,Spring,
56018,,,Spring,
56019,,,Winter,
56020,,,Winter,
56021,,,Spring,
56022,,,Summer,
56023,,,Summer,
56024,,,Summer,
56025,,,Spring,
56026,,,Spring,
56027,,,Winter,
56028,,,Spring,
56029,,,Spring,
56030,,,Summer,
56031,,,Spring,
56032,,,Summer,
56033,,,Summer,
56034,,,Spring,
56035,,,Summer,
56036,,,Spring,
56037,,,Summer,
56038,,,Spring,
56039,,,Spring,
56040,,,Summer,
56041,,,Spring,
56042,,,Spring,
56043,,,Spring,
56044,,,Spring,
56045,,,Spring,
56046,,,Summer,
56047,,,Spring,
56048,,,Spring,
56049,,,Spring,
56050,,,Spring,
56051,,,Spring,
56052,,,Spring,
56053,,,Spring,
56054,,,Summer,
56055,,,Spring,
56056,,,Spring,
56057,,,Summer,
56058,,,Spring,
56059,,,Spring,
56060,,,Summer,
56061,,,Summer,
56062,,,Spring,
56063,,,Summer,
56064,,,Spring,
56065,,,Summer,
56066,,,Spring,
56067,,,Summer,
56068,,,Spring,
56069,,,Winter,
56070,,,Spring,
56071,,,Summer,
56072,,,Summer,
56073,,,Summer,
56074,,,Spring,
56075,,,Summer,
56076,,,Winter,
56077,,,Summer,
56078,,,Spring,
56079,,,Spring,
56080,,,Spring,
56081,,,Spring,
56082,,,Summer,
56083,,,Spring,
56084,,,Spring,
56085,,,Summer,
56086,,,Spring,
56087,,,Spring,
56088,,,Spring,
56089,,,Spring,
56090,,,Spring,
56091,,,Spring,
56092,,,Spring,
56093,,,Spring,
56094,,,Spring,
56095,,,Spring,
56096,,,Spring,
56097,,,Spring,
56098,,,Spring,
56099,,,Spring,
56100,,,Spring,
56101,,,Spring,
56102,,,Spring,
56103,,,Summer,
56104,,,Summer,
56105,,,Spring,
56106,,,Spring,
56107,,,Spring,
56108,,,Spring,
56109,,,Summer,
56110,,,Summer,
56111,,,Summer,
56112,,,Summer,
56113,,,Summer,
56114,,,Summer,
56115,,,Spring,
56116,,,Summer,
56117,,,Summer,
56118,,,Spring,
56119,,,Spring,
56120,,,Spring,
56121,,,Spring,
56122,,,Spring,
56123,,,Spring,
56124,,,Spring,
56125,,,Summer,
56126,,,Summer,
56127,,,Spring,
56128,,,Spring,
56129,,,Spring,
56133,,,Spring,
56134,,,Spring,
56135,,,Summer,
56136,,,Summer,
56137,,,Summer,
56138,,,Summer,
56139,,,Summer,
56140,,,Summer,
56141,,,Summer,
56142,,,Summer,
56143,,,Summer,
56144,,,Summer,
56145,,,Summer,
56146,,,Summer,
56147,,,Summer,
56148,,,Summer,
56149,,,Summer,
56150,,,Summer,
56151,,,Summer,
56152,,,Winter,
56153,,,Summer,
56154,,,Summer,
56155,,,Spring,
56156,,,Winter,
56157,,,Summer,
56158,,,Summer,
56159,,,Summer,
56160,,,Summer,
56161,,,Summer,
56162,,,Summer,
56164,,,Spring,
56165,,,Summer,
56166,,,Spring,
56167,,,Spring,
56168,,,Spring,
56170,,,Spring,
56171,,,Summer,
56172,,,Spring,
56173,,,Summer,
56174,,,Summer,
56175,,,Summer,
56176,,,Summer,
56177,,,Summer,
56178,,,Spring,
56179,,,Spring,
56180,,,Spring,
56181,,,Summer,
56182,,,Summer,
56183,,,Summer,
56184,,,Summer,
56185,,,Summer,
56186,,,Summer,
56187,,,Summer,
56188,,,Summer,
56189,,,Summer,
56190,,,Summer,
56191,,,Summer,
56192,,,Summer,
56193,,,Summer,
56194,,,Summer,
56195,,,Summer,
56196,,,Summer,
56198,,,Winter,
56199,,,Winter,
56201,,,Winter,
56202,,,Winter,
56203,,,Winter,
56205,,,Winter,
56206,,,Winter,
56207,,,Winter,
56208,,,Winter,
56209,,,Spring,
56210,,,Winter,
56211,,,Winter,
56212,,,Winter,
56213,,,Winter,
56214,,,Winter,
56215,,,Winter,
56216,,,Winter,
56217,,,Winter,
56218,,,Winter,
56219,,,Winter,
56220,,,Winter,
56221,,,Summer,
56222,,,Summer,
56223,,,Summer,
56224,,,Summer,
56225,,,Summer,
56226,,,Summer,
56227,,,Summer,
56228,,,Summer,
56229,,,Summer,
56230,,,Summer,
56231,,,Summer,
56232,,,Summer,
56233,,,Summer,
56234,,,Summer,
56235,,,Summer,
56236,,,Summer,
56237,,,Summer,
56238,,,Summer,
56239,,,Summer,
56240,,,Summer,
56241,,,Summer,
56243,,,Summer,
56244,,,Summer,
56245,,,Summer,
56247,,,Summer,
56248,,,Summer,
56249,,,Summer,
56250,,,Summer,
56251,,,Summer,
56252,,,Summer,
56253,,,Summer,
56254,,,Summer,
56255,,,Summer,
56256,,,Summer,
56257,,,Summer,
56258,,,Summer,
56260,,,Summer,
56261,,,Summer,
56262,,,Summer,
56263,,,Summer,
56265,,,Summer,
56266,,,Summer,
56267,,,Summer,
56268,,,Summer,
56269,,,Summer,
56270,,,Summer,
56271,,,Summer,
56272,,,Summer,
56273,,,Summer,
56274,,,Summer,
56275,,,Summer,
56276,,,Summer,
56277,,,Summer,
56278,,,Summer,
56279,,,Summer,
56280,,,Summer,
56281,,,Summer,
56282,,,Summer,
56283,,,Summer,
56284,,,Summer,
56285,,,Summer,
56286,,,Summer,
56287,,,Summer,
56288,,,Summer,
56289,,,Summer,
56290,,,Summer,
56291,,,Summer,
56292,,,Summer,
56293,,,Summer,
56294,,,Summer,
56295,,,Summer,
56296,,,Summer,
56297,,,Summer,
56298,,,Summer,
56299,,,Summer,
56300,,,Summer,
56301,,,Summer,
56302,,,Summer,
56303,,,Summer,
56304,,,Summer,
56305,,,Summer,
56306,,,Summer,
56307,,,Summer,
56308,,,Summer,
56309,,,Summer,
56310,,,Summer,
56311,,,Summer,
56312,,,Winter,
56313,,,Winter,
56314,,,Winter,
56315,,,Summer,
56316,,,Summer,
56317,,,Winter,
56318,,,Winter,
56319,,,Winter,
56320,,,Winter,
56321,,,Winter,
56322,,,Summer,
56323,,,Winter,
56324,,,Winter,
56326,,,Summer,
56327,,,Winter,
56329,,,Winter,
56330,,,Winter,
56331,,,Winter,
56332,,,Summer,
56333,,,Winter,
56335,,,Winter,
56336,,,Winter,
56337,,,Winter,
56338,,,Winter,
56339,,,Winter,
56340,,,Winter,
56341,,,Winter,
56342,,,Winter,
56343,,,Winter,
56344,,,Winter,
56346,,,Winter,
56348,,,Winter,
56349,,,Spring,
56351,,,Spring,
56352,,,Spring,
56353,,,Spring,
56354,,,Spring,
56355,,,Spring,
56356,,,Spring,
56359,,,Spring,
56360,,,Spring,
56361,,,Spring,
56362,,,Spring,
56363,,,Spring,
56364,,,Spring,
56365,,,Spring,
56366,,,Spring,
56367,,,Spring,
56368,,,Spring,
56375,,,Spring,
56376,,,Spring,
56377,,,Spring,
56378,,,Spring,
56379,,,Spring,
56380,,,Spring,
56381,,,Spring,
56385,,,Spring,
56386,,,Spring,
56388,,,Spring,
56389,,,Summer,
56390,,,Summer,
56391,,,Spring,
56392,,,Spring,
56393,,,Spring,
56394,,,Spring,
56395,,,Spring,
56402,,,Winter,
56403,,,Winter,
56404,,,Winter,
56405,,,Winter,
56406,,,Winter,
56407,,,Winter,
56410,,,Winter,
56411,,,Spring,
56412,,,Spring,
56413,,,Winter,
56414,,,Winter,
56415,,,Summer,
56416,,,Summer,
56417,,,Summer,
56418,,,Summer,
56419,,,Summer,
56420,,,Summer,
56421,,,Summer,
56422,,,Summer,
56423,,,Summer,
56424,,,Spring,
56425,,,Spring,
56427,,,Summer,
56428,,,Spring,
56429,,,Summer,
56432,,,Spring,
56436,,,Spring,
56440,,,Spring,
56443,,,Spring,
56444,,,Spring,
56446,,,Spring,
56447,,,Spring,
56448,,,Spring,
56450,,,Spring,
56451,,,Spring,
56452,,,Spring,
56454,,,Spring,
56455,,,Spring,
56456,,,Spring,
56458,,,Spring,
56460,,,Spring,
56461,,,Spring,
56462,,,Spring,
56463,,,Spring,
56464,,,Spring,
56465,,,Spring,
56466,,,Spring,
56467,,,Spring,
56468,,,Spring,
56469,,,Spring,
56470,,,Spring,
56471,,,Spring,
56472,,,Spring,
56473,,,Spring,
56474,,,Spring,
56475,,,Spring,
56476,,,Spring,
56477,,,Spring,
56478,,,Spring,
56479,,,Spring,
56480,,,Spring,
56481,,,Spring,
56482,,,Spring,
56483,,,Spring,
56484,,,Spring,
56485,,,Spring,
56486,,,Spring,
56488,,,Spring,
56489,,,Spring,
56490,,,Spring,
56491,,,Spring,
56492,,,Spring,
56493,,,Spring,
56494,,,Spring,
56495,,,Spring,
56496,,,Spring,
56497,,,Spring,
56498,,,Spring,
56499,,,Spring,
56500,,,Spring,
56501,,,Spring,
56502,,,Spring,
56503,,,Spring,
56504,,,Spring,
56505,,,Spring,
56506,,,Spring,
56507,,,Spring,
56508,,,Spring,
56509,,,Spring,
56511,,,Spring,
56512,,,Spring,
56513,,,Spring,
56515,,,Spring,
56516,,,Spring,
56517,,,Spring,
56518,,,Spring,
56519,,,Spring,
56520,,,Spring,
56521,,,Spring,
56522,,,Spring,
56523,,,Spring,
56524,,,Spring,
56525,,,Spring,
56526,,,Spring,
56527,,,Spring,
56528,,,Spring,
56529,,,Spring,
56530,,,Spring,
56531,,,Spring,
56532,,,Spring,
56533,,,Spring,
56534,,,Spring,
56535,,,Spring,
56536,,,Spring,
56537,,,Spring,
56539,,,Spring,
56540,,,Spring,
56541,,,Spring,
56542,,,Spring,
56543,,,Spring,
56544,,,Spring,
56545,,,Spring,
56546,,,Spring,
56547,,,Spring,
56548,,,Spring,
56549,,,Spring,
56550,,,Spring,
56551,,,Spring,
56553,,,Spring,
56554,,,Spring,
56555,,,Spring,
56556,,,Spring,
56558,,,Spring,
56559,,,Spring,
56560,,,Spring,
56561,,,Spring,
56562,,,Spring,
56563,,,Spring,
56564,,,Spring,
56565,,,Spring,
56566,,,Spring,
56568,,,Spring,
56569,,,Summer,
56570,,,Summer,
56571,,,Spring,
56572,,,Summer,
56573,,,Spring,
56574,,,Summer,
56575,,,Spring,
56576,,,Spring,
56579,,,Spring,
56580,,,Summer,
56581,,,Winter,
56582,,,Winter,
56583,,,Spring,
56584,,,Spring,
56585,,,Spring,
56588,,,Spring,
56590,,,Spring,
56591,,,Spring,
56592,,,Spring,
56593,,,Spring,
56594,,,Spring,
56597,,,Spring,
56598,,,Spring,
56599,,,Spring,
56600,,,Spring,
56601,,,Spring,
56602,,,Summer,
56603,,,Summer,
56604,,,Spring,
56605,,,Spring,
56606,,,Summer,
56607,,,Summer,
56608,,,Summer,
56609,,,Summer,
56610,,,Summer,
56611,,,Summer,
56612,,,Summer,
56613,,,Summer,
56614,,,Summer,
56615,,,Summer,
56616,,,Summer,
56617,,,Summer,
56618,,,Summer,
56619,,,Spring,
56620,,,Summer,
56622,,,Spring,
56624,,,Spring,
56626,,,Summer,
56627,,,Spring,
56631,,,Spring,
56632,,,Spring,
56634,,,Spring,
56638,,,Summer,
56639,,,Summer,
56640,,,Summer,
56642,,,Summer,
56643,,,Summer,
56646,,,Summer,
56647,,,Summer,
56649,,,Summer,
56650,,,Summer,
56651,,,Summer,
56652,,,Winter,
56653,,,Summer,
56654,,,Summer,
56655,,,Winter,
56656,,,Summer,
56657,,,Summer,
56658,,,Spring,
56659,,,Fall,
56660,,,Winter,
56661,,,Summer,
56662,,,Summer,
56663,,,Winter,
56664,,,Winter,
56665,,,Winter,
56666,,,Summer,
56667,,,Winter,
56668,,,Winter,
56669,,,Winter,
56670,,,Winter,
56671,,,Winter,
56672,,,Winter,
56673,,,Summer,
56674,,,Summer,
56675,,,Summer,
56676,,,Winter,
56677,,,Winter,
56678,,,Winter,
56679,,,Winter,
56680,,,Winter,
56681,,,Winter,
56682,,,Winter,
56684,,,Summer,
56685,,,Summer,
56686,,,Summer,
56687,,,Summer,
56688,,,Summer,
56689,,,Summer,
56691,,,Summer,
56692,,,Summer,
56693,,,Summer,
56694,,,Summer,
56695,,,Summer,
56696,,,Summer,
56697,,,Summer,
56698,,,Summer,
56699,,,Summer,
56700,,,Summer,
56701,,,Summer,
56702,,,Summer,
56703,,,Summer,
56704,,,Summer,
56705,,,Summer,
56709,,,Summer,
56711,,,Summer,
56713,,,Summer,
56714,,,Summer,
56715,,,Summer,
56718,,,Summer,
56720,,,Summer,
56721,,,Summer,
56722,,,Summer,
56723,,,Summer,
56724,,,Spring,
56725,,,Summer,
56733,,,Summer,
56734,,,Summer,
56736,,,Summer,
56752,,,Summer,
56753,,,Summer,
56765,,,Summer,
56769,,,Summer,
56770,,,Summer,
56771,,,Summer,
56787,,,Summer,
56795,,,Summer,
56798,,,Summer,
56805,,,Summer,
56806,,,Summer,
56807,,,Summer,
56808,,,Summer,
56809,,,Summer,
56810,,,Summer,
56811,,,Summer,
56812,,,Summer,
56813,,,Summer,
56814,,,Summer,
56815,,,Summer,
56816,,,Summer,
56817,,,Summer,
56818,,,Summer,
56819,,,Summer,
56820,,,Summer,
56821,,,Summer,
56822,,,Summer,
56825,,,Summer,
56827,,,Fall,
56828,,,Summer,
56829,,,Summer,
56843,,,Summer,
56844,,,Summer,
56845,,,Summer,
56846,,,Fall,
56847,,,Summer,
56849,,,Summer,
56850,,,Summer,
56852,,,Summer,
56854,,,Summer,
56855,,,Summer,
56856,,,Spring,
56857,,,Spring,
56858,,,Summer,
56859,,,Winter,
56860,,,Summer,
56861,,,Summer,
56862,,,Summer,
56863,,,Winter,
56864,,,Winter,
56865,,,Winter,
56866,,,Winter,
56867,,,Winter,
56868,,,Winter,
56869,,,Winter,
56870,,,Winter,
56871,,,Winter,
56872,,,Winter,
56873,,,Spring,
56874,,,Summer,
56875,,,Winter,
56876,,,Winter,
56877,,,Winter,
56878,,,Winter,
56879,,,Winter,
56880,,,Winter,
56881,,,Winter,
56882,,,Winter,
56883,,,Winter,
56884,,,Winter,
56885,,,Winter,
56886,,,Winter,
56887,,,Winter,
56888,,,Winter,
56889,,,Winter,
56890,,,Winter,
56891,,,Winter,
56893,,,Winter,
56894,,,Winter,
56895,,,Winter,
56896,,,Winter,
56897,,,Winter,
56898,,,Winter,
56899,,,Winter,
56900,,,Winter,
56901,,,Winter,
56902,,,Winter,
56903,,,Winter,
56904,,,Winter,
56905,,,Winter,
56906,,,Winter,
56907,,,Winter,
56908,,,Summer,
56909,,,Spring,
56910,,,Winter,
56911,,,Summer,
56912,,,Winter,
56913,,,Summer,
56914,,,Winter,
56915,,,Winter,
56916,,,Winter,
56917,,,Winter,
56918,,,Winter,
56919,,,Winter,
56920,,,Winter,
56921,,,Winter,
56922,,,Winter,
56923,,,Winter,
56924,,,Winter,
56925,,,Winter,
56926,,,Winter,
56927,,,Winter,
56928,,,Winter,
56929,,,Winter,
56930,,,Winter,
56931,,,Winter,
56932,,,Winter,
56933,,,Winter,
56934,,,Winter,
56935,,,Spring,
56936,,,Winter,
56937,,,Winter,
56938,,,Winter,
56939,,,Winter,
56940,,,Winter,
56941,,,Winter,
56942,,,Winter,
56943,,,Summer,
56944,,,Winter,
56945,,,Winter,
56946,,,Winter,
56947,,,Winter,
56948,,,Summer,
56949,,,Winter,
56950,,,Winter,
56951,,,Winter,
56952,,,Winter,
56953,,,Summer,
56954,,,Winter,
56955,,,Winter,
56956,,,Winter,
56957,,,Winter,
56958,,,Winter,
56959,,,Summer,
56960,,,Summer,
56961,,,Winter,
56962,,,Winter,
56963,,,Winter,
56964,,,Spring,
56965,,,Summer,
56966,,,Winter,
56967,,,Summer,
56968,,,Winter,
56969,,,Summer,
56970,,,Summer,
56971,,,Winter,
56972,,,Winter,
56973,,,Winter,
56974,,,Winter,
56975,,,Winter,
56976,,,Winter,
56977,,,Winter,
56978,,,Winter,
56979,,,Winter,
56980,,,Winter,
56981,,,Winter,
56982,,,Winter,
56983,,,Winter,
56984,,,Winter,
56985,,,Winter,
56986,,,Winter,
56987,,,Winter,
56988,,,Summer,
56989,,,Winter,
56990,,,Winter,
56991,,,Winter,
56992,,,Summer,
56993,,,Winter,
56994,,,Winter,
56995,,,Winter,
56996,,,Winter,
56997,,,Summer,
56998,,,Winter,
56999,,,Winter,
57000,,,Winter,
57001,,,Winter,
57002,,,Winter,
57003,,,Winter,
57004,,,Spring,
57005,,,Winter,
57006,,,Summer,
57007,,,Winter,
57008,,,Winter,
57009,,,Winter,
57010,,,Winter,
57011,,,Summer,
57012,,,Winter,
57013,,,Winter,
57014,,,Winter,
57015,,,Summer,
57016,,,Summer,
57017,,,Summer,
57018,,,Summer,
57019,,,Summer,
57021,,,Summer,
57022,,,Summer,
57023,,,Summer,
57024,,,Summer,
57025,,,Summer,
57026,,,Summer,
57027,,,Summer,
57028,,,Summer,
57029,,,Summer,
57030,,,Summer,
57031,,,Summer,
57032,,,Summer,
57033,,,Summer,
57034,,,Summer,
57035,,,Summer,
57036,,,Summer,
57037,,,Summer,
57038,,,Summer,
57039,,,Summer,
57040,,,Summer,
57041,,,Summer,
57042,,,Summer,
57043,,,Summer,
57044,,,Summer,
57045,,,Summer,
57046,,,Summer,
57047,,,Summer,
57048,,,Summer,
57049,,,Summer,
57050,,,Summer,
57051,,,Summer,
57052,,,Summer,
57053,,,Summer,
57054,,,Summer,
57055,,,Summer,
57056,,,Summer,
57057,,,Summer,
57058,,,Summer,
57059,,,Summer,
57060,,,Summer,
57061,,,Summer,
57062,,,Summer,
57063,,,Fall,
57064,,,Summer,
57065,,,Summer,
57066,,,Summer,
57067,,,Summer,
57068,,,Summer,
57069,,,Summer,
57070,,,Summer,
57071,,,Summer,
57072,,,Summer,
57073,,,Summer,
57074,,,Summer,
57075,,,Fall,
57076,,,Summer,
57077,,,Summer,
57078,,,Summer,
57079,,,Summer,
57080,,,Summer,
57081,,,Summer,
57082,,,Summer,
57083,,,Summer,
57084,,,Summer,
57085,,,Summer,
57086,,,Summer,
57087,,,Summer,
57088,,,Summer,
57089,,,Summer,
57090,,,Summer,
57091,,,Summer,
57092,,,Summer,
57093,,,Summer,
57094,,,Summer,
57095,,,Summer,
57096,,,Summer,
57097,,,Summer,
57099,,,Summer,
57100,,,Summer,
57101,,,Summer,
57102,,,Summer,
57103,,,Summer,
57104,,,Summer,
57105,,,Summer,
57106,,,Summer,
57107,,,Summer,
57108,,,Summer,
57109,,,Summer,
57110,,,Summer,
57111,,,Summer,
57112,,,Summer,
57114,,,Summer,
57115,,,Summer,
57116,,,Summer,
57117,,,Summer,
57118,,,Summer,
57119,,,Summer,
57120,,,Summer,
57121,,,Summer,
57122,,,Summer,
57123,,,Summer,
57124,,,Summer,
57125,,,Summer,
57126,,,Summer,
57127,,,Summer,
57128,,,Summer,
57129,,,Summer,
57130,,,Summer,
57131,,,Summer,
57132,,,Summer,
57133,,,Summer,
57134,,,Summer,
57135,,,Summer,
57136,,,Summer,
57137,,,Summer,
57138,,,Summer,
57139,,,Fall,
57140,,,Summer,
57141,,,Summer,
57142,,,Summer,
57143,,,Summer,
57144,,,Summer,
57145,,,Summer,
57146,,,Summer,
57147,,,Summer,
57148,,,Summer,
57149,,,Summer,
57150,,,Summer,
57151,,,Summer,
57152,,,Summer,
57153,,,Summer,
57154,,,Summer,
57155,,,Summer,
57156,,,Summer,
57157,,,Summer,
57158,,,Summer,
57159,,,Summer,
57160,,,Summer,
57161,,,Summer,
57162,,,Summer,
57163,,,Summer,
57164,,,Summer,
57165,,,Summer,
57166,,,Summer,
57167,,,Summer,
57168,,,Summer,
57169,,,Summer,
57170,,,Summer,
57171,,,Summer,
57172,,,Summer,
57173,,,Summer,
57174,,,Summer,
57175,,,Summer,
57176,,,Summer,
57177,,,Summer,
57178,,,Summer,
57179,,,Summer,
57180,,,Summer,
57181,,,Summer,
57182,,,Summer,
57183,,,Summer,
57184,,,Summer,
57185,,,Summer,
57186,,,Summer,
57187,,,Summer,
57188,,,Summer,
57189,,,Summer,
57190,,,Summer,
57191,,,Summer,
57192,,,Summer,
57193,,,Summer,
57194,,,Summer,
57195,,,Summer,
57196,,,Summer,
57197,,,Summer,
57198,,,Summer,
57199,,,Summer,
57200,,,Summer,
57201,,,Summer,
57202,,,Summer,
57203,,,Summer,
57204,,,Summer,
57205,,,Summer,
57207,,,Summer,
57208,,,Summer,
57209,,,Summer,
57210,,,Summer,
57211,,,Summer,
57212,,,Summer,
57213,,,Summer,
57214,,,Summer,
57215,,,Summer,
57216,,,Summer,
57217,,,Summer,
57218,,,Summer,
57225,,,Winter,
57226,,,Summer,
57229,,,Winter,
57230,,,Winter,
57231,,,Summer,
57235,,,Winter,
57236,,,Winter,
57237,,,Winter,
57238,,,Winter,
57239,,,Summer,
57240,,,Winter,
57241,,,Winter,
57242,,,Summer,
57243,,,Winter,
57244,,,Summer,
57246,,,Winter,
57247,,,Winter,
57252,,,Winter,
57253,,,Summer,
57254,,,Winter,
57255,,,Summer,
57256,,,Summer,
57258,,,Summer,
57259,,,Winter,
57261,,,Winter,
57262,,,Winter,
57263,,,Summer,
57264,,,Winter,
57266,,,Winter,
57268,,,Summer,
57273,,,Summer,
57274,,,Summer,
57275,,,Summer,
57276,,,Summer,
57277,,,Summer,
57280,,,Summer,
57281,,,Summer,
57282,,,Summer,
57283,,,Summer,
57284,,,Summer,
57285,,,Summer,
57286,,,Summer,
57287,,,Summer,
57288,,,Summer,
57289,,,Summer,
57290,,,Summer,
57291,,,Summer,
57292,,,Summer,
57293,,,Summer,
57294,,,Summer,
57295,,,Summer,
57296,,,Summer,
57297,,,Summer,
57298,,,Winter,
57299,,,Winter,
57300,,,Winter,
57301,,,Winter,
57302,,,Winter,
57303,,,Winter,
57304,,,Winter,
57305,,,Winter,
57306,,,Winter,
57307,,,Winter,
57308,,,Winter,
57309,,,Winter,
57310,,,Summer,
57311,,,Summer,
57312,,,Summer,
57313,,,Summer,
57316,,,Summer,
57318,,,Summer,
57319,,,Summer,
57320,,,Summer,
57321,,,Summer,
57322,,,Summer,
57323,,,Summer,
57324,,,Summer,
57325,,,Summer,
57326,,,Summer,
57327,,,Summer,
57328,,,Summer,
57329,,,Summer,
57330,,,Summer,
57331,,,Summer,
57333,,,Summer,
57334,,,Summer,
57335,,,Summer,
57336,,,Summer,
57338,,,Summer,
57339,,,Summer,
57340,,,Summer,
57342,,,Summer,
57343,,,Summer,
57344,,,Summer,
57345,,,Summer,
57346,,,Summer,
57347,,,Summer,
57348,,,Summer,
57349,,,Summer,
57350,,,Summer,
57351,,,Summer,
57352,,,Summer,
57353,,,Summer,
57354,,,Summer,
57355,,,Summer,
57356,,,Summer,
57357,,,Summer,
57358,,,Summer,
57359,,,Summer,
57360,,,Summer,
57361,,,Summer,
57362,,,Summer,
57363,,,Summer,
57365,,,Summer,
57366,,,Summer,
57367,,,Summer,
57368,,,Summer,
57369,,,Summer,
57370,,,Summer,
57371,,,Summer,
57372,,,Summer,
57373,,,Summer,
57374,,,Summer,
57375,,,Summer,
57376,,,Summer,
57378,,,Summer,
57379,,,Summer,
57380,,,Summer,
57382,,,Summer,
57383,,,Summer,
57384,,,Summer,
57388,,,Summer,
57389,,,Summer,
57390,,,Summer,
57391,,,Summer,
57392,,,Summer,
57393,,,Summer,
57395,,,Summer,
57397,,,Summer,
57398,,,Summer,
57399,,,Summer,
57400,,,Summer,
57401,,,Summer,
57402,,,Summer,
57403,,,Summer,
57404,,,Summer,
57405,,,Summer,
57406,,,Summer,
57407,,,Summer,
57408,,,Summer,
57409,,,Summer,
57410,,,Summer,
57411,,,Summer,
57412,,,Summer,
57413,,,Summer,
57414,,,Summer,
57415,,,Summer,
57416,,,Summer,
57418,,,Summer,
57419,,,Summer,
57420,,,Summer,
57421,,,Summer,
57422,,,Summer,
57423,,,Summer,
57424,,,Summer,
57425,,,Summer,
57426,,,Summer,
57427,,,Summer,
57428,,,Summer,
57429,,,Summer,
57430,,,Summer,
57431,,,Summer,
57432,,,Summer,
57433,,,Summer,
57434,,,Summer,
57435,,,Summer,
57436,,,Summer,
57437,,,Summer,
57438,,,Summer,
57439,,,Summer,
57440,,,Summer,
57441,,,Summer,
57442,,,Summer,
57443,,,Summer,
57444,,,Summer,
57445,,,Summer,
57446,,,Summer,
57447,,,Summer,
57448,,,Summer,
57449,,,Summer,
57450,,,Summer,
57457,,,Summer,
57458,,,Winter,
57459,,,Summer,
57462,,,Winter,
57463,,,Summer,
57466,,,Spring,
57467,,,Spring,
57468,,,Summer,
57469,,,Summer,
57470,,,Summer,
57471,,,Winter,
57475,,,Spring,
57476,,,Summer,
57477,,,Spring,
57478,,,Summer,
57479,,,Summer,
57480,,,Summer,
57481,,,Summer,
57482,,,Summer,
57483,,,Spring,
57484,,,Spring,
57487,,,Winter,
57488,,,Summer,
57489,,,Summer,
57490,,,Summer,
57491,,,Summer,
57492,,,Winter,
57493,,,Spring,
57494,,,Winter,
57495,,,Summer,
57496,,,Summer,
57497,,,Winter,
57498,,,Summer,
57499,,,Summer,
57500,,,Winter,
57501,,,Winter,
57502,,,Winter,
57503,,,Winter,
57504,,,Spring,
57505,,,Summer,
57506,,,Spring,
57507,,,Winter,
57508,,,Winter,
57509,,,Summer,
57510,,,Summer,
57511,,,Summer,
57512,,,Summer,
57513,,,Winter,
57514,,,Winter,
57515,,,Summer,
57516,,,Summer,
57517,,,Winter,
57518,,,Summer,
57519,,,Summer,
57520,,,Summer,
57521,,,Summer,
57522,,,Summer,
57523,,,Summer,
57524,,,Summer,
57525,,,Spring,
57526,,,Summer,
57527,,,Winter,
57528,,,Summer,
57529,,,Summer,
57530,,,Spring,
57531,,,Winter,
57532,,,Summer,
57533,,,Winter,
57534,,,Summer,
57536,,,Summer,
57539,,,Summer,
57543,,,Spring,
57544,,,Spring,
57545,,,Spring,
57547,,,Spring,
57548,,,Spring,
57549,,,Spring,
57550,,,Spring,
57552,,,Spring,
57553,,,Spring,
57554,,,Spring,
57555,,,Spring,
57556,,,Spring,
57557,,,Spring,
57558,,,Spring,
57559,,,Spring,
57560,,,Spring,
57561,,,Spring,
57562,,,Spring,
57563,,,Winter,
57566,,,Spring,
57567,,,Summer,
57568,,,Spring,
57569,,,Spring,
57570,,,Spring,
57571,,,Spring,
57572,,,Summer,
57573,,,Spring,
57574,,,Spring,
57575,,,Summer,
57576,,,Summer,
57577,,,Spring,
57578,,,Spring,
57579,,,Spring,
57580,,,Spring,
57581,,,Summer,
57582,,,Summer,
57583,,,Summer,
57584,,,Spring,
57586,,,Spring,
57587,,,Spring,
57588,,,Summer,
57589,,,Spring,
57591,,,Summer,
57592,,,Spring,
57593,,,Spring,
57594,,,Spring,
57595,,,Spring,
57596,,,Summer,
57597,,,Spring,
57598,,,Summer,
57599,,,Summer,
57600,,,Spring,
57601,,,Summer,
57603,,,Spring,
57604,,,Summer,
57605,,,Spring,
57606,,,Spring,
57607,,,Spring,
57608,,,Spring,
57609,,,Spring,
57610,,,Spring,
57611,,,Spring,
57613,,,Summer,
57614,,,Spring,
57615,,,Summer,
57616,,,Spring,
57617,,,Spring,
57619,,,Summer,
57620,,,Spring,
57621,,,Spring,
57622,,,Spring,
57623,,,Spring,
57624,,,Spring,
57625,,,Summer,
57627,,,Spring,
57628,,,Spring,
57629,,,Spring,
57630,,,Summer,
57631,,,Spring,
57632,,,Spring,
57633,,,Spring,
57634,,,Spring,
57635,,,Spring,
57636,,,Spring,
57637,,,Spring,
57638,,,Spring,
57639,,,Spring,
57640,,,Spring,
57642,,,Spring,
57643,,,Spring,
57644,,,Spring,
57645,,,Spring,
57646,,,Spring,
57647,,,Spring,
57649,,,Spring,
57650,,,Spring,
57651,,,Spring,
57652,,,Spring,
57653,,,Spring,
57654,,,Spring,
57655,,,Spring,
57656,,,Spring,
57657,,,Spring,
57658,,,Spring,
57660,,,Spring,
57661,,,Spring,
57662,,,Spring,
57664,,,Spring,
57667,,,Spring,
57668,,,Spring,
57669,,,Spring,
57670,,,Spring,
57671,,,Spring,
57672,,,Spring,
57673,,,Spring,
57674,,,Spring,
57675,,,Spring,
57676,,,Spring,
57677,,,Spring,
57678,,,Spring,
57679,,,Spring,
57681,,,Spring,
57683,,,Spring,
57685,,,Spring,
57687,,,Spring,
57689,,,Spring,
57690,,,Spring,
57691,,,Spring,
57692,,,Spring,
57694,,,Spring,
57696,,,Spring,
57697,,,Spring,
57698,,,Summer,
57699,,,Spring,
57700,,,Spring,
57701,,,Spring,
57702,,,Spring,
57703,,,Spring,
57704,,,Spring,
57705,,,Spring,
57706,,,Summer,
57707,,,Spring,
57708,,,Spring,
57709,,,Spring,
57710,,,Spring,
57711,,,Spring,
57712,,,Spring,
57713,,,Spring,
57714,,,Spring,
57715,,,Spring,
57716,,,Spring,
57717,,,Spring,
57718,,,Spring,
57719,,,Spring,
57720,,,Spring,
57721,,,Spring,
57724,,,Spring,
57725,,,Spring,
57727,,,Spring,
57728,,,Spring,
57729,,,Spring,
57730,,,Spring,
57731,,,Spring,
57732,,,Spring,
57733,,,Spring,
57734,,,Spring,
57735,,,Spring,
57736,,,Spring,
57737,,,Spring,
57738,,,Summer,
57739,,,Spring,
57740,,,Spring,
57741,,,Spring,
57742,,,Spring,
57743,,,Spring,
57744,,,Spring,
57745,,,Summer,
57746,,,Summer,
57747,,,Summer,
57749,,,Spring,
57750,,,Spring,
57752,,,Spring,
57753,,,Spring,
57754,,,Spring,
57755,,,Spring,
57756,,,Spring,
57757,,,Spring,
57758,,,Spring,
57759,,,Spring,
57760,,,Spring,
57761,,,Spring,
57762,,,Spring,
57763,,,Spring,
57764,,,Spring,
57765,,,Spring,
57766,,,Spring,
57767,,,Spring,
57768,,,Spring,
57770,,,Spring,
57771,,,Spring,
57772,,,Spring,
57773,,,Spring,
57774,,,Spring,
57776,,,Spring,
57777,,,Spring,
57778,,,Summer,
57779,,,Summer,
57780,,,Spring,
57781,,,Summer,
57782,,,Winter,
57783,,,Spring,
57784,,,Summer,
57785,,,Summer,
57786,,,Summer,
57787,,,Summer,
57788,,,Summer,
57789,,,Summer,
57790,,,Summer,
57791,,,Spring,
57792,,,Spring,
57793,,,Spring,
57794,,,Spring,
57795,,,Spring,
57796,,,Summer,
57798,,,Spring,
57800,,,Spring,
57801,,,Spring,
57802,,,Summer,
57803,,,Summer,
57804,,,Summer,
57805,,,Spring,
57810,,,Summer,
57811,,,Summer,
57812,,,Summer,
57815,,,Summer,
57816,,,Summer,
57817,,,Summer,
57818,,,Summer,
57819,,,Summer,
57820,,,Summer,
57823,,,Summer,
57824,,,Summer,
57832,,,Summer,
57833,,,Summer,
57834,,,Summer,
57835,,,Summer,
57836,,,Winter,
57837,,,Summer,
57838,,,Summer,
57845,,,Summer,
57846,,,Spring,
57847,,,Summer,
57849,,,Winter,
57850,,,Winter,
57851,,,Summer,
57852,,,Winter,
57853,,,Winter,
57854,,,Winter,
57855,,,Winter,
57856,,,Summer,
57857,,,Winter,
57858,,,Winter,
57859,,,Spring,
57860,,,Spring,
57861,,,Spring,
57862,,,Spring,
57863,,,Summer,
57864,,,Spring,
57865,,,Spring,
57866,,,Spring,
57867,,,Spring,
57868,,,Spring,
57869,,,Spring,
57870,,,Spring,
57871,,,Spring,
57872,,,Spring,
57873,,,Spring,
57874,,,Spring,
57875,,,Spring,
57876,,,Spring,
57877,,,Spring,
57878,,,Spring,
57879,,,Spring,
57880,,,Summer,
57881,,,Spring,
57883,,,Spring,
57884,,,Spring,
57885,,,Summer,
57886,,,Summer,
57887,,,Spring,
57888,,,Summer,
57889,,,Summer,
57890,,,Summer,
57891,,,Summer,
57892,,,Summer,
57893,,,Summer,
57894,,,Summer,
57895,,,Summer,
57896,,,Summer,
57897,,,Summer,
57898,,,Summer,
57899,,,Summer,
57906,,,Fall,
57907,,,Summer,
57908,,,Summer,
57909,,,Summer,
57910,,,Summer,
57911,,,Summer,
57912,,,Summer,
57913,,,Summer,
57914,,,Summer,
57915,,,Fall,
57916,,,Fall,
57917,,,Fall,
57918,,,Fall,
57919,,,Summer,
57920,,,Fall,
57921,,,Summer,
57922,,,Summer,
57923,,,Summer,
57924,,,Summer,
57925,,,Summer,
57930,,,Summer,
57931,,,Summer,
57932,,,Summer,
57933,,,Summer,
57934,,,Winter,
57935,,,Winter,
57936,,,Winter,
57937,,,Summer,
57938,,,Winter,
57939,,,Winter,
57940,,,Summer,
57941,,,Summer,
57942,,,Winter,
57943,,,Summer,
57944,,,Summer,
57945,,,Summer,
57946,,,Winter,
57947,,,Winter,
57948,,,Winter,
57949,,,Summer,
57950,,,Summer,
57952,,,Summer,
57953,,,Summer,
57954,,,Summer,
57956,,,Summer,
57957,,,Summer,
57958,,,Summer,
57959,,,Fall,
57960,,,Summer,
57961,,,Fall,
57962,,,Summer,
57963,,,Summer,
57964,,,Summer,
57965,,,Summer,
57966,,,Summer,
57967,,,Summer,
57968,,,Summer,
57969,,,Summer,
57970,,,Fall,
57971,,,Summer,
57972,,,Summer,
57973,,,Summer,
57974,,,Summer,
57975,,,Summer,
57976,,,Fall,
57980,,,Summer,
57981,,,Summer,
57982,,,Summer,
57983,,,Summer,
57985,,,Summer,
57986,,,Summer,
57987,,,Summer,
57988,,,Summer,
57989,,,Summer,
57990,,,Summer,
57991,,,Summer,
57992,,,Summer,
57993,,,Summer,
57994,,,Summer,
57995,,,Summer,
57996,,,Summer,
57997,,,Summer,
57998,,,Summer,
57999,,,Summer,
58000,,,Summer,
58001,,,Summer,
58002,,,Summer,
58003,,,Summer,
58004,,,Summer,
58005,,,Summer,
58006,,,Summer,
58007,,,Summer,
58008,,,Summer,
58009,,,Summer,
58010,,,Summer,
58011,,,Summer,
58012,,,Summer,
58013,,,Summer,
58014,,,Summer,
58015,,,Summer,
58016,,,Winter,
58017,,,Winter,
58018,,,Winter,
58020,,,Winter,
58022,,,Winter,
58023,,,Winter,
58024,,,Winter,
58027,,,Summer,
58028,,,Summer,
58030,,,Winter,
58032,,,Winter,
58035,,,Summer,
58037,,,Winter,
58039,,,Summer,
58041,,,Summer,
58042,,,Winter,
58044,,,Winter,
58045,,,Winter,
58046,,,Winter,
58049,,,Winter,
58050,,,Winter,
58051,,,Winter,
58052,,,Summer,
58053,,,Summer,
58057,,,Winter,
58058,,,Summer,
58059,,,Summer,
58060,,,Winter,
58061,,,Winter,
58062,,,Winter,
58063,,,Winter,
58071,,,Summer,
58072,,,Summer,
58073,,,Winter,
58074,,,Winter,
58075,,,Summer,
58076,,,Winter,
58078,,,Winter,
58085,,,Winter,
58086,,,Winter,
58087,,,Winter,
58093,,,Winter,
58096,,,Winter,
58097,,,Summer,
58098,,,Winter,
58099,,,Summer,
58100,,,Summer,
58104,,,Winter,
58107,,,Winter,
58108,,,Winter,
58109,,,Summer,
58110,,,Winter,
58111,,,Winter,
58112,,,Winter,
58115,,,Summer,
58116,,,Summer,
58117,,,Summer,
58118,,,Summer,
58121,,,Fall,
58123,,,Summer,
58128,,,Winter,
58129,,,Spring,
58131,,,Winter,
58132,,,Summer,
58133,,,Winter,
58135,,,Winter,
58136,,,Winter,
58137,,,Winter,
58138,,,Winter,
58139,,,Summer,
58140,,,Winter,
58141,,,Summer,
58143,,,Spring,
58144,,,Spring,
58145,,,Spring,
58146,,,Summer,
58147,,,Summer,
58148,,,Summer,
58149,,,Summer,
58150,,,Summer,
58151,,,Summer,
58152,,,Summer,
58153,,,Summer,
58154,,,Summer,
58155,,,Summer,
58156,,,Summer,
58157,,,Summer,
58158,,,Summer,
58159,,,Winter,
58160,,,Summer,
58161,,,Summer,
58162,,,Winter,
58163,,,Summer,
58164,,,Winter,
58165,,,Spring,
58166,,,Winter,
58167,,,Spring,
58168,,,Summer,
58169,,,Summer,
58170,,,Summer,
58171,,,Summer,
58172,,,Summer,
58173,,,Winter,
58174,,,Summer,
58175,,,Winter,
58176,,,Winter,
58177,,,Winter,
58178,,,Summer,
58179,,,Winter,
58180,,,Summer,
58181,,,Summer,
58182,,,Winter,
58183,,,Summer,
58184,,,Summer,
58185,,,Summer,
58186,,,Winter,
58187,,,Summer,
58188,,,Summer,
58189,,,Summer,
58190,,,Summer,
58191,,,Winter,
58194,,,Winter,
58195,,,Summer,
58196,,,Summer,
58200,,,Summer,
58201,,,Summer,
58202,,,Summer,
58203,,,Summer,
58204,,,Summer,
58205,,,Summer,
58206,,,Winter,
58207,,,Summer,
58208,,,Summer,
58209,,,Summer,
58210,,,Summer,
58211,,,Summer,
58212,,,Summer,
58213,,,Summer,
58214,,,Summer,
58215,,,Summer,
58216,,,Summer,
58218,,,Summer,
58220,,,Summer,
58222,,,Summer,
58225,,,Summer,
58226,,,Winter,
58227,,,Summer,
58229,,,Summer,
58231,,,Summer,
58232,,,Summer,
58233,,,Summer,
58234,,,Winter,
58235,,,Summer,
58236,,,Summer,
58237,,,Winter,
58238,,,Winter,
58239,,,Winter,
58240,,,Summer,
58241,,,Winter,
58242,,,Summer,
58243,,,Summer,
58244,,,Summer,
58245,,,Winter,
58246,,,Winter,
58247,,,Winter,
58248,,,Winter,
58249,,,Summer,
58250,,,Summer,
58251,,,Summer,
58252,,,Summer,
58253,,,Summer,
58254,,,Winter,
58255,,,Winter,
58256,,,Winter,
58257,,,Summer,
58258,,,Winter,
58259,,,Winter,
58260,,,Winter,
58261,,,Winter,
58262,,,Winter,
58263,,,Summer,
58264,,,Winter,
58265,,,Winter,
58266,,,Winter,
58267,,,Winter,
58268,,,Summer,
58269,,,Winter,
58270,,,Winter,
58271,,,Summer,
58272,,,Summer,
58273,,,Winter,
58274,,,Winter,
58275,,,Summer,
58276,,,Winter,
58277,,,Winter,
58278,,,Winter,
58279,,,Summer,
58280,,,Winter,
58281,,,Summer,
58282,,,Summer,
58283,,,Summer,
58284,,,Summer,
58286,,,Summer,
58291,,,Summer,
58292,,,Summer,
58293,,,Summer,
58294,,,Summer,
58295,,,Summer,
58296,,,Summer,
58297,,,Summer,
58298,,,Summer,
58299,,,Summer,
58300,,,Summer,
58301,,,Fall,
58304,,,Summer,
58305,,,Summer,
58306,,,Summer,
58307,,,Summer,
58308,,,Summer,
58309,,,Summer,
58310,,,Summer,
58311,,,Summer,
58312,,,Summer,
58313,,,Fall,
58314,,,Summer,
58315,,,Summer,
58316,,,Summer,
58317,,,Summer,
58318,,,Summer,
58319,,,Fall,
58320,,,Summer,
58321,,,Fall,
58322,,,Fall,
58323,,,Summer,
58324,,,Summer,
58325,,,Spring,
58326,,,Spring,
58327,,,Spring,
58328,,,Spring,
58329,,,Summer,
58330,,,Summer,
58331,,,Summer,
58332,,,Summer,
58333,,,Spring,
58334,,,Spring,
58335,,,Spring,
58336,,,Spring,
58337,,,Summer,
58338,,,Spring,
58339,,,Spring,
58340,,,Summer,
58349,,,Summer,
58351,,,Summer,
58357,,,Summer,
58358,,,Summer,
58372,,,Summer,
58375,,,Summer,
58381,,,Summer,
58385,,,Summer,
58394,,,Summer,
58395,,,Summer,
58411,,,Summer,
58418,,,Summer,
58425,,,Summer,
58439,,,Summer,
58444,,,Winter,
58445,,,Winter,
58446,,,Fall,
58447,,,Winter,
58448,,,Winter,
58449,,,Winter,
58450,,,Winter,
58451,,,Winter,
58452,,,Winter,
58453,,,Winter,
58454,,,Winter,
58455,,,Winter,
58456,,,Winter,
58458,,,Summer,
58459,,,Summer,
58460,,,Summer,
58463,,,Summer,
58464,,,Summer,
58465,,,Summer,
58466,,,Summer,
58467,,,Summer,
58468,,,Summer,
58470,,,Summer,
58471,,,Summer,
58472,,,Summer,
58473,,,Summer,
58474,,,Winter,
58475,,,Summer,
58476,,,Summer,
58477,,,Summer,
58478,,,Summer,
58479,,,Summer,
58480,,,Summer,
58481,,,Summer,
58482,,,Summer,
58483,,,Summer,
58484,,,Summer,
58485,,,Winter,
58486,,,Summer,
58487,,,Summer,
58488,,,Winter,
58489,,,Summer,
58490,,,Summer,
58491,,,Summer,
58492,,,Summer,
58493,,,Summer,
58494,,,Fall,
58495,,,Summer,
58496,,,Summer,
58497,,,Summer,
58498,,,Summer,
58499,,,Summer,
58500,,,Summer,
58501,,,Summer,
58502,,,Summer,
58503,,,Summer,
58504,,,Summer,
58505,,,Summer,
58506,,,Summer,
58507,,,Summer,
58508,,,Summer,
58509,,,Summer,
58510,,,Summer,
58511,,,Summer,
58512,,,Summer,
58513,,,Summer,
58514,,,Summer,
58515,,,Summer,
58516,,,Summer,
58517,,,Summer,
58518,,,Summer,
58519,,,Winter,
58520,,,Summer,
58521,,,Summer,
58522,,,Summer,
58523,,,Summer,
58524,,,Summer,
58525,,,Summer,
58526,,,Summer,
58527,,,Winter,
58528,,,Winter,
58529,,,Winter,
58530,,,Winter,
58531,,,Winter,
58532,,,Winter,
58533,,,Winter,
58534,,,Winter,
58535,,,Winter,
58536,,,Winter,
58537,,,Winter,
58538,,,Winter,
58539,,,Winter,
58540,,,Winter,
58541,,,Winter,
58542,,,Winter,
58543,,,Winter,
58544,,,Winter,
58545,,,Winter,
58546,,,Winter,
58547,,,Winter,
58548,,,Winter,
58549,,,Winter,
58550,,,Winter,
58551,,,Winter,
58552,,,Winter,
58553,,,Winter,
58555,,,Summer,
58559,,,Summer,
58560,,,Summer,
58561,,,Summer,
58562,,,Summer,
58563,,,Summer,
58565,,,Summer,
58566,,,Summer,
58567,,,Summer,
58569,,,Summer,
58570,,,Summer,
58571,,,Summer,
58573,,,Summer,
58574,,,Summer,
58576,,,Summer,
58577,,,Summer,
58581,,,Winter,
58586,,,Summer,
58588,,,Summer,
58589,,,Summer,
58590,,,Fall,
58591,,,Summer,
58600,,,Summer,
58603,,,Summer,
58605,,,Winter,
58606,,,Summer,
58607,,,Winter,
58608,,,Winter,
58609,,,Winter,
58610,,,Winter,
58611,,,Winter,
58612,,,Winter,
58614,,,Winter,
58615,,,Winter,
58616,,,Winter,
58618,,,Winter,
58619,,,Winter,
58620,,,Winter,
58621,,,Winter,
58622,,,Summer,
58624,,,Summer,
58625,,,Summer,
58626,,,Summer,
58627,,,Summer,
58628,,,Summer,
58629,,,Summer,
58634,,,Summer,
58635,,,Summer,
58636,,,Summer,
58637,,,Summer,
58638,,,Summer,
58639,,,Summer,
58640,,,Summer,
58641,,,Summer,
58642,,,Summer,
58643,,,Summer,
58644,,,Summer,
58645,,,Summer,
58646,,,Summer,
58647,,,Summer,
58648,,,Summer,
58652,,,Summer,
58653,,,Summer,
58654,,,Summer,
58655,,,Summer,
58656,,,Summer,
58657,,,Summer,
58658,,,Summer,
58659,,,Summer,
58660,,,Summer,
58661,,,Summer,
58662,,,Summer,
58663,,,Summer,
58664,,,Summer,
58666,,,Summer,
58667,,,Summer,
58668,,,Summer,
58669,,,Summer,
58670,,,Summer,
58671,,,Summer,
58672,,,Summer,
58673,,,Summer,
58674,,,Summer,
58675,,,Summer,
58676,,,Summer,
58677,,,Summer,
58678,,,Summer,
58680,,,Summer,
58681,,,Summer,
58682,,,Summer,
58683,,,Summer,
58684,,,Summer,
58685,,,Summer,
58686,,,Summer,
58687,,,Summer,
58689,,,Summer,
58690,,,Summer,
58691,,,Summer,
58692,,,Summer,
58693,,,Summer,
58694,,,Summer,
58695,,,Summer,
58696,,,Summer,
58698,,,Summer,
58700,,,Summer,
58701,,,Summer,
58702,,,Summer,
58703,,,Summer,
58718,,,Summer,
58719,,,Summer,
58720,,,Summer,
58722,,,Summer,
58723,,,Summer,
58724,,,Summer,
58725,,,Summer,
58726,,,Summer,
58727,,,Summer,
58728,,,Summer,
58729,,,Summer,
58730,,,Summer,
58731,,,Summer,
58732,,,Summer,
58734,,,Summer,
58735,,,Summer,
58736,,,Summer,
58737,,,Summer,
58738,,,Summer,
58740,,,Summer,
58741,,,Summer,
58742,,,Summer,
58743,,,Summer,
58744,,,Summer,
58745,,,Summer,
58765,,,Summer,
58770,,,Summer,
58793,,,Summer,
58794,,,Summer,
58795,,,Summer,
58796,,,Summer,
58797,,,Summer,
58798,,,Fall,
58800,,,Summer,
58801,,,Fall,
58802,,,Summer,
58805,,,Fall,
58807,,,Summer,
58808,,,Summer,
58809,,,Summer,
58810,,,Summer,
58815,,,Summer,
58816,,,Spring,
58817,,,Winter,
58818,,,Summer,
58819,,,Winter,
58820,,,Summer,
58821,,,Winter,
58822,,,Winter,
58823,,,Winter,
58825,,,Summer,
58827,,,Winter,
58828,,,Winter,
58829,,,Winter,
58830,,,Summer,
58831,,,Winter,
58832,,,Winter,
58833,,,Spring,
58834,,,Spring,
58835,,,Winter,
58836,,,Winter,
58837,,,Winter,
58838,,,Winter,
58839,,,Winter,
58840,,,Winter,
58841,,,Winter,
58842,,,Winter,
58843,,,Winter,
58844,,,Winter,
58845,,,Winter,
58846,,,Winter,
58847,,,Winter,
58848,,,Winter,
58849,,,Winter,
58850,,,Winter,
58851,,,Winter,
58852,,,Winter,
58853,,,Winter,
58854,,,Winter,
58855,,,Winter,
58856,,,Winter,
58857,,,Winter,
58858,,,Winter,
58859,,,Winter,
58860,,,Winter,
58861,,,Winter,
58862,,,Winter,
58863,,,Winter,
58864,,,Winter,
58865,,,Winter,
58867,,,Winter,
58868,,,Winter,
58869,,,Winter,
58870,,,Winter,
58871,,,Winter,
58872,,,Summer,
58873,,,Summer,
58874,,,Summer,
58875,,,Summer,
58876,,,Summer,
58877,,,Summer,
58878,,,Summer,
58879,,,Summer,
58880,,,Summer,
58881,,,Summer,
58882,,,Summer,
58883,,,Summer,
58884,,,Summer,
58885,,,Summer,
58886,,,Summer,
58887,,,Summer,
58888,,,Summer,
58889,,,Summer,
58890,,,Summer,
58891,,,Summer,
58892,,,Summer,
58893,,,Summer,
58894,,,Summer,
58895,,,Summer,
58896,,,Summer,
58897,,,Summer,
58898,,,Summer,
58899,,,Summer,
58900,,,Summer,
58901,,,Summer,
58902,,,Summer,
58903,,,Summer,
58904,,,Summer,
58905,,,Summer,
58906,,,Summer,
58907,,,Summer,
58908,,,Summer,
58909,,,Summer,
58910,,,Summer,
58911,,,Summer,
58912,,,Summer,
58913,,,Summer,
58914,,,Summer,
58915,,,Summer,
58916,,,Summer,
58917,,,Summer,
58918,,,Summer,
58919,,,Summer,
58920,,,Fall,
58921,,,Summer,
58922,,,Summer,
58923,,,Summer,
58924,,,Summer,
58925,,,Winter,
58926,,,Summer,
58928,,,Winter,
58931,,,Winter,
58932,,,Winter,
58934,,,Winter,
58935,,,Winter,
58937,,,Winter,
58939,,,Winter,
58940,,,Winter,
58941,,,Winter,
58942,,,Winter,
58943,,,Spring,
58944,,,Spring,
58945,,,Spring,
58946,,,Spring,
58947,,,Spring,
58948,,,Spring,
58949,,,Spring,
58950,,,Spring,
58951,,,Spring,
58952,,,Spring,
58954,,,Spring,
58955,,,Spring,
58956,,,Spring,
58958,,,Spring,
58959,,,Spring,
58960,,,Spring,
58961,,,Spring,
58962,,,Spring,
58963,,,Spring,
58964,,,Spring,
58965,,,Spring,
58966,,,Spring,
58967,,,Spring,
58968,,,Spring,
58969,,,Spring,
58970,,,Spring,
58971,,,Spring,
58972,,,Spring,
58973,,,Spring,
58974,,,Spring,
58975,,,Spring,
58976,,,Spring,
58977,,,Spring,
58978,,,Spring,
58979,,,Spring,
58980,,,Spring,
58981,,,Spring,
58982,,,Spring,
58983,,,Spring,
58984,,,Spring,
58985,,,Spring,
58986,,,Spring,
58987,,,Spring,
58988,,,Spring,
58989,,,Spring,
58990,,,Spring,
58991,,,Spring,
58992,,,Spring,
59002,,,Spring,
59003,,,Spring,
59004,,,Spring,
59005,,,Spring,
59006,,,Spring,
59008,,,Fall,
59010,,,Summer,
59011,,,Summer,
59012,,,Summer,
59013,,,Fall,
59014,,,Fall,
59015,,,Fall,
59016,,,Spring,
59017,,,Summer,
59018,,,Winter,
59019,,,Winter,
59020,,,Winter,
59021,,,Winter,
59022,,,Winter,
59023,,,Winter,
59024,,,Winter,
59025,,,Spring,
59026,,,Winter,
59027,,,Winter,
59028,,,Winter,
59029,,,Winter,
59030,,,Winter,
59031,,,Winter,
59032,,,Winter,
59033,,,Winter,
59034,,,Winter,
59035,,,Winter,
59036,,,Winter,
59037,,,Spring,
59038,,,Winter,
59039,,,Winter,
59040,,,Winter,
59042,,,Winter,
59043,,,Winter,
59044,,,Winter,
59045,,,Winter,
59046,,,Winter,
59047,,,Winter,
59048,,,Summer,
59049,,,Winter,
59050,,,Winter,
59051,,,Summer,
59052,,,Winter,
59053,,,Winter,
59054,,,Winter,
59055,,,Winter,
59056,,,Winter,
59058,,,Summer,
59059,,,Summer,
59060,,,Summer,
59061,,,Summer,
59062,,,Summer,
59063,,,Summer,
59064,,,Summer,
59065,,,Summer,
59066,,,Summer,
59067,,,Summer,
59068,,,Summer,
59069,,,Summer,
59070,,,Summer,
59071,,,Summer,
59072,,,Summer,
59073,,,Summer,
59074,,,Summer,
59075,,,Summer,
59076,,,Summer,
59077,,,Summer,
59078,,,Summer,
59079,,,Summer,
59080,,,Summer,
59081,,,Summer,
59082,,,Summer,
59083,,,Summer,
59084,,,Summer,
59085,,,Summer,
59086,,,Summer,
59087,,,Summer,
59088,,,Summer,
59089,,,Summer,
59090,,,Summer,
59091,,,Summer,
59092,,,Summer,
59093,,,Summer,
59094,,,Summer,
59095,,,Summer,
59096,,,Summer,
59097,,,Summer,
59098,,,Summer,
59099,,,Summer,
59100,,,Summer,
59101,,,Summer,
59102,,,Summer,
59103,,,Summer,
59104,,,Summer,
59105,,,Summer,
59106,,,Summer,
59112,,,Summer,
59115,,,Summer,
59116,,,Summer,
59117,,,Summer,
59118,,,Summer,
59119,,,Summer,
59120,,,Summer,
59121,,,Summer,
59122,,,Summer,
59123,,,Summer,
59124,,,Summer,
59126,,,Summer,
59127,,,Summer,
59128,,,Summer,
59129,,,Summer,
59130,,,Summer,
59131,,,Summer,
59132,,,Summer,
59133,,,Summer,
59142,,,Winter,
59143,,,Winter,
59144,,,Winter,
59145,,,Winter,
59146,,,Spring,
59147,,,Spring,
59149,,,Winter,
59160,,,Summer,
59161,,,Winter,
59165,,,Spring,
59166,,,Summer,
59167,,,Winter,
59172,,,Winter,
59173,,,Summer,
59174,,,Summer,
59175,,,Spring,
59176,,,Winter,
59177,,,Winter,
59178,,,Winter,
59181,,,Summer,
59185,,,Spring,
59187,,,Winter,
59188,,,Winter,
59190,,,Winter,
59212,,,Winter,
59213,,,Winter,
59214,,,Winter,
59215,,,Winter,
59216,,,Winter,
59217,,,Winter,
59218,,,Winter,
59219,,,Winter,
59220,,,Winter,
59221,,,Winter,
59222,,,Winter,
59223,,,Winter,
59224,,,Winter,
59225,,,Winter,
59226,,,Winter,
59227,,,Winter,
59228,,,Winter,
59229,,,Winter,
59230,,,Winter,
59231,,,Winter,
59232,,,Winter,
59233,,,Winter,
59235,,,Winter,
59236,,,Winter,
59237,,,Summer,
59238,,,Winter,
59239,,,Winter,
59240,,,Winter,
59241,,,Summer,
59242,,,Winter,
59243,,,Winter,
59244,,,Winter,
59245,,,Winter,
59246,,,Winter,
59247,,,Winter,
59248,,,Winter,
59249,,,Winter,
59250,,,Winter,
59251,,,Summer,
59252,,,Winter,
59253,,,Winter,
59254,,,Winter,
59255,,,Winter,
59256,,,Winter,
59257,,,Winter,
59258,,,Winter,
59259,,,Winter,
59260,,,Winter,
59261,,,Winter,
59262,,,Winter,
59263,,,Winter,
59264,,,Winter,
59265,,,Winter,
59266,,,Winter,
59267,,,Winter,
59268,,,Summer,
59269,,,Winter,
59270,,,Winter,
59271,,,Winter,
59272,,,Winter,
59273,,,Winter,
59274,,,Winter,
59275,,,Summer,
59276,,,Winter,
59277,,,Winter,
59278,,,Winter,
59279,,,Summer,
59280,,,Winter,
59281,,,Winter,
59282,,,Summer,
59283,,,Winter,
59284,,,Winter,
59286,,,Winter,
59287,,,Winter,
59290,,,Winter,
59291,,,Winter,
59292,,,Winter,
59293,,,Winter,
59294,,,Summer,
59295,,,Summer,
59296,,,Summer,
59297,,,Summer,
59298,,,Summer,
59299,,,Summer,
59300,,,Summer,
59301,,,Summer,
59302,,,Summer,
59303,,,Summer,
59304,,,Summer,
59305,,,Summer,
59306,,,Summer,
59311,,,Spring,
59312,,,Winter,
59315,,,Summer,
59323,,,Summer,
59324,,,Summer,
59326,,,Summer,
59329,,,Fall,
59330,,,Summer,
59338,,,Summer,
59342,,,Summer,
59349,,,Spring,
59352,,,Summer,
59353,,,Summer,
59354,,,Summer,
59355,,,Summer,
59356,,,Summer,
59357,,,Summer,
59358,,,Summer,
59359,,,Summer,
59360,,,Summer,
59361,,,Summer,
59362,,,Summer,
59363,,,Summer,
59364,,,Summer,
59365,,,Summer,
59366,,,Summer,
59367,,,Summer,
59368,,,Summer,
59369,,,Summer,
59370,,,Summer,
59371,,,Summer,
59372,,,Summer,
59373,,,Summer,
59374,,,Summer,
59375,,,Summer,
59376,,,Summer,
59377,,,Summer,
59378,,,Summer,
59379,,,Summer,
59380,,,Summer,
59381,,,Summer,
59382,,,Summer,
59383,,,Summer,
59387,,,Winter,
59388,,,Spring,
59390,,,Winter,
59396,,,Summer,
59399,,,Summer,
59400,,,Summer,
59403,,,Summer,
59404,,,Summer,
59405,,,Summer,
59407,,,Summer,
59410,,,Summer,
59413,,,Summer,
59418,,,Summer,
59421,,,Summer,
59422,,,Summer,
59428,,,Summer,
59430,,,Summer,
59432,,,Winter,
59433,,,Summer,
59435,,,Summer,
59436,,,Summer,
59437,,,Winter,
59439,,,Summer,
59440,,,Summer,
59441,,,Summer,
59442,,,Summer,
59443,,,Summer,
59444,,,Summer,
59445,,,Summer,
59446,,,Summer,
59448,,,Summer,
59451,,,Summer,
59452,,,Summer,
59453,,,Summer,
59454,,,Summer,
59455,,,Winter,
59456,,,Summer,
59457,,,Summer,
59458,,,Spring,
59459,,,Winter,
59460,,,Summer,
59461,,,Summer,
59462,,,Winter,
59463,,,Winter,
59464,,,Summer,
59465,,,Spring,
59466,,,Summer,
59467,,,Summer,
59468,,,Summer,
59469,,,Spring,
59470,,,Winter,
59471,,,Summer,
59474,,,Summer,
59481,,,Summer,
59484,,,Winter,
59498,,,Winter,
59499,,,Summer,
59501,,,Winter,
59502,,,Winter,
59503,,,Summer,
59504,,,Summer,
59505,,,Summer,
59507,,,Summer,
59508,,,Winter,
59509,,,Summer,
59510,,,Summer,
59511,,,Winter,
59512,,,Fall,
59513,,,Summer,
59514,,,Summer,
59515,,,Summer,
59516,,,Summer,
59518,,,Summer,
59519,,,Winter,
59520,,,Winter,
59521,,,Summer,
59522,,,Winter,
59523,,,Winter,
59524,,,Winter,
59525,,,Summer,
59526,,,Winter,
59527,,,Winter,
59528,,,Winter,
59529,,,Winter,
59530,,,Winter,
59531,,,Winter,
59532,,,Winter,
59533,,,Winter,
59534,,,Winter,
59535,,,Summer,
59537,,,Winter,
59541,,,Winter,
59543,,,Winter,
59544,,,Winter,
59545,,,Winter,
59546,,,Winter,
59547,,,Winter,
59550,,,Winter,
59551,,,Winter,
59552,,,Winter,
59553,,,Winter,
59554,,,Winter,
59555,,,Winter,
59556,,,Winter,
59557,,,Winter,
59558,,,Winter,
59559,,,Winter,
59560,,,Winter,
59561,,,Summer,
59563,,,Winter,
59564,,,Winter,
59565,,,Winter,
59566,,,Winter,
59567,,,Winter,
59568,,,Winter,
59569,,,Winter,
59570,,,Winter,
59571,,,Winter,
59572,,,Winter,
59573,,,Spring,
59574,,,Winter,
59575,,,Winter,
59576,,,Winter,
59577,,,Winter,
59578,,,Winter,
59579,,,Winter,
59580,,,Winter,
59581,,,Winter,
59582,,,Winter,
59583,,,Winter,
59584,,,Winter,
59585,,,Summer,
59586,,,Winter,
59587,,,Winter,
59589,,,Summer,
59590,,,Summer,
59591,,,Summer,
59592,,,Summer,
59593,,,Fall,
59594,,,Fall,
59595,,,Summer,
59596,,,Fall,
59597,,,Summer,
59598,,,Summer,
59599,,,Summer,
59600,,,Summer,
59601,,,Summer,
59603,,,Summer,
59604,,,Summer,
59606,,,Fall,
59607,,,Fall,
59608,,,Summer,
59609,,,Summer,
59610,,,Summer,
59611,,,Summer,
59612,,,Summer,
59613,,,Summer,
59614,,,Summer,
59615,,,Fall,
59616,,,Summer,
59618,,,Summer,
59619,,,Summer,
59620,,,Summer,
59621,,,Summer,
59622,,,Summer,
59623,,,Fall,
59624,,,Summer,
59625,,,Summer,
59626,,,Summer,
59628,,,Summer,
59630,,,Summer,
59631,,,Summer,
59632,,,Summer,
59633,,,Summer,
59634,,,Fall,
59635,,,Summer,
59636,,,Summer,
59637,,,Summer,
59638,,,Summer,
59639,,,Summer,
59640,,,Summer,
59641,,,Summer,
59642,,,Summer,
59643,,,Summer,
59644,,,Summer,
59645,,,Summer,
59646,,,Summer,
59647,,,Summer,
59648,,,Summer,
59649,,,Summer,
59650,,,Summer,
59651,,,Summer,
59652,,,Summer,
59653,,,Summer,
59654,,,Summer,
59655,,,Fall,
59656,,,Summer,
59657,,,Summer,
59658,,,Summer,
59659,,,Summer,
59660,,,Summer,
59661,,,Summer,
59662,,,Summer,
59663,,,Summer,
59664,,,Summer,
59665,,,Summer,
59666,,,Summer,
59667,,,Fall,
59668,,,Summer,
59669,,,Fall,
59670,,,Summer,
59672,,,Summer,
59673,,,Summer,
59674,,,Summer,
59675,,,Winter,
59676,,,Winter,
59677,,,Summer,
59678,,,Summer,
59679,,,Summer,
59680,,,Summer,
59681,,,Summer,
59682,,,Summer,
59683,,,Summer,
59684,,,Summer,
59685,,,Summer,
59686,,,Summer,
59687,,,Summer,
59688,,,Summer,
59689,,,Summer,
59690,,,Summer,
59691,,,Summer,
59692,,,Summer,
59693,,,Summer,
59694,,,Summer,
59695,,,Summer,
59696,,,Summer,
59697,,,Summer,
59698,,,Summer,
59699,,,Summer,
59700,,,Summer,
59701,,,Summer,
59702,,,Summer,
59703,,,Summer,
59704,,,Summer,
59705,,,Summer,
59706,,,Summer,
59707,,,Summer,
59708,,,Summer,
59709,,,Summer,
59710,,,Summer,
59711,,,Summer,
59712,,,Summer,
59713,,,Summer,
59714,,,Summer,
59715,,,Summer,
59716,,,Summer,
59717,,,Summer,
59718,,,Summer,
59719,,,Summer,
59720,,,Summer,
59721,,,Summer,
59722,,,Summer,
59723,,,Summer,
59724,,,Summer,
59725,,,Summer,
59726,,,Summer,
59727,,,Summer,
59728,,,Summer,
59729,,,Summer,
59730,,,Summer,
59731,,,Summer,
59732,,,Summer,
59733,,,Summer,
59734,,,Summer,
59735,,,Summer,
59736,,,Summer,
59739,,,Summer,
59740,,,Summer,
59741,,,Summer,
59742,,,Summer,
59743,,,Summer,
59744,,,Summer,
59745,,,Summer,
59746,,,Summer,
59747,,,Summer,
59748,,,Summer,
59749,,,Summer,
59750,,,Summer,
59751,,,Summer,
59752,,,Summer,
59753,,,Summer,
59754,,,Summer,
59755,,,Summer,
59756,,,Summer,
59757,,,Spring,
59758,,,Spring,
59759,,,Winter,
59760,,,Winter,
59761,,,Winter,
59762,,,Winter,
59763,,,Winter,
59764,,,Winter,
59765,,,Summer,
59766,,,Summer,
59767,,,Winter,
59768,,,Summer,
59769,,,Winter,
59770,,,Winter,
59771,,,Winter,
59772,,,Winter,
59773,,,Winter,
59774,,,Summer,
59775,,,Winter,
59776,,,Winter,
59777,,,Winter,
59778,,,Winter,
59779,,,Winter,
59780,,,Winter,
59781,,,Winter,
59782,,,Winter,
59783,,,Summer,
59784,,,Winter,
59794,,,Summer,
59795,,,Summer,
59796,,,Summer,
59797,,,Summer,
59810,,,Summer,
59811,,,Summer,
59813,,,Summer,
59814,,,Fall,
59819,,,Summer,
59824,,,Summer,
59826,,,Summer,
59827,,,Summer,
59832,,,Summer,
59833,,,Summer,
59834,,,Summer,
59838,,,Summer,
59839,,,Spring,
59851,,,Spring,
59853,,,Spring,
59856,,,Summer,
59858,,,Spring,
59859,,,Spring,
59860,,,Summer,
59862,,,Summer,
59863,,,Spring,
59866,,,Spring,
59872,,,Summer,
59873,,,Summer,
59874,,,Summer,
59875,,,Summer,
59876,,,Summer,
59877,,,Summer,
59878,,,Summer,
59879,,,Summer,
59880,,,Summer,
59881,,,Summer,
59882,,,Summer,
59883,,,Summer,
59884,,,Summer,
59885,,,Summer,
59886,,,Summer,
59887,,,Summer,
59888,,,Summer,
59889,,,Summer,
59890,,,Summer,
59891,,,Summer,
59892,,,Summer,
59893,,,Summer,
59894,,,Summer,
59895,,,Summer,
59896,,,Summer,
59897,,,Summer,
59898,,,Summer,
59900,,,Summer,
59901,,,Summer,
59902,,,Summer,
59903,,,Summer,
59904,,,Summer,
59905,,,Summer,
59906,,,Summer,
59907,,,Summer,
59908,,,Summer,
59909,,,Summer,
59910,,,Summer,
59911,,,Summer,
59912,,,Summer,
59914,,,Summer,
59915,,,Summer,
59916,,,Summer,
59917,,,Summer,
59918,,,Summer,
59919,,,Summer,
59920,,,Summer,
59921,,,Summer,
59922,,,Summer,
59923,,,Summer,
59924,,,Summer,
59925,,,Summer,
59926,,,Summer,
59927,,,Summer,
59928,,,Summer,
59929,,,Summer,
59930,,,Summer,
59931,,,Summer,
59932,,,Summer,
59933,,,Summer,
59934,,,Summer,
59935,,,Summer,
59936,,,Summer,
59937,,,Summer,
59938,,,Summer,
59939,,,Fall,
59940,,,Summer,
59941,,,Summer,
59942,,,Summer,
59943,,,Summer,
59944,,,Spring,
59945,,,Summer,
59946,,,Spring,
59947,,,Spring,
59948,,,Spring,
59949,,,Spring,
59950,,,Spring,
59951,,,Spring,
59961,,,Spring,
59962,,,Spring,
59963,,,Fall,
59964,,,Summer,
59965,,,Summer,
59966,,,Summer,
59967,,,Summer,
59968,,,Summer,
59969,,,Summer,
59970,,,Summer,
59971,,,Summer,
59972,,,Summer,
59973,,,Summer,
59974,,,Summer,
59975,,,Summer,
59976,,,Summer,
59977,,,Summer,
59978,,,Summer,
59979,,,Summer,
59980,,,Summer,
59981,,,Summer,
59982,,,Summer,
59983,,,Summer,
59984,,,Summer,
59985,,,Summer,
59986,,,Summer,
59987,,,Summer,
59988,,,Summer,
59989,,,Summer,
59990,,,Summer,
59991,,,Summer,
59992,,,Summer,
59993,,,Summer,
59994,,,Summer,
59995,,,Summer,
59996,,,Summer,
59998,,,Winter,
59999,,,Winter,
60000,,,Summer,
